question,T1_slideN_m_2,T1_slideN_m_1,T1_slideN,T1_slideN_p_1,T1_slideN_p_2,segm_L_slideN_m_2,segm_L_slideN_m_1,segm_L_slideN,segm_L_slideN_p_1,segm_L_slideN_p_2,segm_R_slideN_m_2,segm_R_slideN_m_1,segm_R_slideN,segm_R_slideN_p_1,segm_R_slideN_p_2
Please focus on inner (with WM) on outer GM boundaries,in/brain_data/20190801_ULA08/01_EVC/01_EVC_anat_axial_slide_60.png,in/brain_data/20190801_ULA08/01_EVC/01_EVC_anat_axial_slide_61.png,in/brain_data/20190801_ULA08/01_EVC/01_EVC_anat_axial_slide_62.png,in/brain_data/20190801_ULA08/01_EVC/01_EVC_anat_axial_slide_63.png,in/brain_data/20190801_ULA08/01_EVC/01_EVC_anat_axial_slide_64.png,in/brain_data/20190801_ULA08/01_EVC/01_EVC_cerebrum_axial_slide_60.png,in/brain_data/20190801_ULA08/01_EVC/01_EVC_cerebrum_axial_slide_61.png,in/brain_data/20190801_ULA08/01_EVC/01_EVC_cerebrum_axial_slide_62.png,in/brain_data/20190801_ULA08/01_EVC/01_EVC_cerebrum_axial_slide_63.png,in/brain_data/20190801_ULA08/01_EVC/01_EVC_cerebrum_axial_slide_64.png,in/brain_data/20190801_ULA08/01_EVC/01_EVC_GT_axial_slide_60.png,in/brain_data/20190801_ULA08/01_EVC/01_EVC_GT_axial_slide_61.png,in/brain_data/20190801_ULA08/01_EVC/01_EVC_GT_axial_slide_62.png,in/brain_data/20190801_ULA08/01_EVC/01_EVC_GT_axial_slide_63.png,in/brain_data/20190801_ULA08/01_EVC/01_EVC_GT_axial_slide_64.png
Please focus on inner (with WM) on outer GM boundaries,in/brain_data/20190801_ULA08/01_EVC/01_EVC_anat_axial_slide_60.png,in/brain_data/20190801_ULA08/01_EVC/01_EVC_anat_axial_slide_61.png,in/brain_data/20190801_ULA08/01_EVC/01_EVC_anat_axial_slide_62.png,in/brain_data/20190801_ULA08/01_EVC/01_EVC_anat_axial_slide_63.png,in/brain_data/20190801_ULA08/01_EVC/01_EVC_anat_axial_slide_64.png,in/brain_data/20190801_ULA08/01_EVC/01_EVC_cerebrum_axial_slide_60.png,in/brain_data/20190801_ULA08/01_EVC/01_EVC_cerebrum_axial_slide_61.png,in/brain_data/20190801_ULA08/01_EVC/01_EVC_cerebrum_axial_slide_62.png,in/brain_data/20190801_ULA08/01_EVC/01_EVC_cerebrum_axial_slide_63.png,in/brain_data/20190801_ULA08/01_EVC/01_EVC_cerebrum_axial_slide_64.png,in/brain_data/20190801_ULA08/01_EVC/01_EVC_manual_axial_slide_60.png,in/brain_data/20190801_ULA08/01_EVC/01_EVC_manual_axial_slide_61.png,in/brain_data/20190801_ULA08/01_EVC/01_EVC_manual_axial_slide_62.png,in/brain_data/20190801_ULA08/01_EVC/01_EVC_manual_axial_slide_63.png,in/brain_data/20190801_ULA08/01_EVC/01_EVC_manual_axial_slide_64.png
Please focus on inner (with WM) on outer GM boundaries,in/brain_data/20190801_ULA08/01_EVC/01_EVC_anat_axial_slide_60.png,in/brain_data/20190801_ULA08/01_EVC/01_EVC_anat_axial_slide_61.png,in/brain_data/20190801_ULA08/01_EVC/01_EVC_anat_axial_slide_62.png,in/brain_data/20190801_ULA08/01_EVC/01_EVC_anat_axial_slide_63.png,in/brain_data/20190801_ULA08/01_EVC/01_EVC_anat_axial_slide_64.png,in/brain_data/20190801_ULA08/01_EVC/01_EVC_GT_axial_slide_60.png,in/brain_data/20190801_ULA08/01_EVC/01_EVC_GT_axial_slide_61.png,in/brain_data/20190801_ULA08/01_EVC/01_EVC_GT_axial_slide_62.png,in/brain_data/20190801_ULA08/01_EVC/01_EVC_GT_axial_slide_63.png,in/brain_data/20190801_ULA08/01_EVC/01_EVC_GT_axial_slide_64.png,in/brain_data/20190801_ULA08/01_EVC/01_EVC_manual_axial_slide_60.png,in/brain_data/20190801_ULA08/01_EVC/01_EVC_manual_axial_slide_61.png,in/brain_data/20190801_ULA08/01_EVC/01_EVC_manual_axial_slide_62.png,in/brain_data/20190801_ULA08/01_EVC/01_EVC_manual_axial_slide_63.png,in/brain_data/20190801_ULA08/01_EVC/01_EVC_manual_axial_slide_64.png
Please focus on inner (with WM) on outer GM boundaries,in/brain_data/20190801_ULA08/02_HVC/02_HVC_anat_axial_slide_59.png,in/brain_data/20190801_ULA08/02_HVC/02_HVC_anat_axial_slide_60.png,in/brain_data/20190801_ULA08/02_HVC/02_HVC_anat_axial_slide_61.png,in/brain_data/20190801_ULA08/02_HVC/02_HVC_anat_axial_slide_62.png,in/brain_data/20190801_ULA08/02_HVC/02_HVC_anat_axial_slide_63.png,in/brain_data/20190801_ULA08/02_HVC/02_HVC_GT_axial_slide_59.png,in/brain_data/20190801_ULA08/02_HVC/02_HVC_GT_axial_slide_60.png,in/brain_data/20190801_ULA08/02_HVC/02_HVC_GT_axial_slide_61.png,in/brain_data/20190801_ULA08/02_HVC/02_HVC_GT_axial_slide_62.png,in/brain_data/20190801_ULA08/02_HVC/02_HVC_GT_axial_slide_63.png,in/brain_data/20190801_ULA08/02_HVC/02_HVC_cerebrum_axial_slide_59.png,in/brain_data/20190801_ULA08/02_HVC/02_HVC_cerebrum_axial_slide_60.png,in/brain_data/20190801_ULA08/02_HVC/02_HVC_cerebrum_axial_slide_61.png,in/brain_data/20190801_ULA08/02_HVC/02_HVC_cerebrum_axial_slide_62.png,in/brain_data/20190801_ULA08/02_HVC/02_HVC_cerebrum_axial_slide_63.png
Please focus on inner (with WM) on outer GM boundaries,in/brain_data/20190801_ULA08/02_HVC/02_HVC_anat_axial_slide_59.png,in/brain_data/20190801_ULA08/02_HVC/02_HVC_anat_axial_slide_60.png,in/brain_data/20190801_ULA08/02_HVC/02_HVC_anat_axial_slide_61.png,in/brain_data/20190801_ULA08/02_HVC/02_HVC_anat_axial_slide_62.png,in/brain_data/20190801_ULA08/02_HVC/02_HVC_anat_axial_slide_63.png,in/brain_data/20190801_ULA08/02_HVC/02_HVC_cerebrum_axial_slide_59.png,in/brain_data/20190801_ULA08/02_HVC/02_HVC_cerebrum_axial_slide_60.png,in/brain_data/20190801_ULA08/02_HVC/02_HVC_cerebrum_axial_slide_61.png,in/brain_data/20190801_ULA08/02_HVC/02_HVC_cerebrum_axial_slide_62.png,in/brain_data/20190801_ULA08/02_HVC/02_HVC_cerebrum_axial_slide_63.png,in/brain_data/20190801_ULA08/02_HVC/02_HVC_manual_axial_slide_59.png,in/brain_data/20190801_ULA08/02_HVC/02_HVC_manual_axial_slide_60.png,in/brain_data/20190801_ULA08/02_HVC/02_HVC_manual_axial_slide_61.png,in/brain_data/20190801_ULA08/02_HVC/02_HVC_manual_axial_slide_62.png,in/brain_data/20190801_ULA08/02_HVC/02_HVC_manual_axial_slide_63.png
Please focus on inner (with WM) on outer GM boundaries,in/brain_data/20190801_ULA08/02_HVC/02_HVC_anat_axial_slide_59.png,in/brain_data/20190801_ULA08/02_HVC/02_HVC_anat_axial_slide_60.png,in/brain_data/20190801_ULA08/02_HVC/02_HVC_anat_axial_slide_61.png,in/brain_data/20190801_ULA08/02_HVC/02_HVC_anat_axial_slide_62.png,in/brain_data/20190801_ULA08/02_HVC/02_HVC_anat_axial_slide_63.png,in/brain_data/20190801_ULA08/02_HVC/02_HVC_GT_axial_slide_59.png,in/brain_data/20190801_ULA08/02_HVC/02_HVC_GT_axial_slide_60.png,in/brain_data/20190801_ULA08/02_HVC/02_HVC_GT_axial_slide_61.png,in/brain_data/20190801_ULA08/02_HVC/02_HVC_GT_axial_slide_62.png,in/brain_data/20190801_ULA08/02_HVC/02_HVC_GT_axial_slide_63.png,in/brain_data/20190801_ULA08/02_HVC/02_HVC_manual_axial_slide_59.png,in/brain_data/20190801_ULA08/02_HVC/02_HVC_manual_axial_slide_60.png,in/brain_data/20190801_ULA08/02_HVC/02_HVC_manual_axial_slide_61.png,in/brain_data/20190801_ULA08/02_HVC/02_HVC_manual_axial_slide_62.png,in/brain_data/20190801_ULA08/02_HVC/02_HVC_manual_axial_slide_63.png
Please focus on inner (with WM) on outer GM boundaries,in/brain_data/20190801_ULA08/03_MCX/03_MCX_anat_sagittal_slide_112.png,in/brain_data/20190801_ULA08/03_MCX/03_MCX_anat_sagittal_slide_113.png,in/brain_data/20190801_ULA08/03_MCX/03_MCX_anat_sagittal_slide_114.png,in/brain_data/20190801_ULA08/03_MCX/03_MCX_anat_sagittal_slide_115.png,in/brain_data/20190801_ULA08/03_MCX/03_MCX_anat_sagittal_slide_116.png,in/brain_data/20190801_ULA08/03_MCX/03_MCX_cerebrum_sagittal_slide_112.png,in/brain_data/20190801_ULA08/03_MCX/03_MCX_cerebrum_sagittal_slide_113.png,in/brain_data/20190801_ULA08/03_MCX/03_MCX_cerebrum_sagittal_slide_114.png,in/brain_data/20190801_ULA08/03_MCX/03_MCX_cerebrum_sagittal_slide_115.png,in/brain_data/20190801_ULA08/03_MCX/03_MCX_cerebrum_sagittal_slide_116.png,in/brain_data/20190801_ULA08/03_MCX/03_MCX_GT_sagittal_slide_112.png,in/brain_data/20190801_ULA08/03_MCX/03_MCX_GT_sagittal_slide_113.png,in/brain_data/20190801_ULA08/03_MCX/03_MCX_GT_sagittal_slide_114.png,in/brain_data/20190801_ULA08/03_MCX/03_MCX_GT_sagittal_slide_115.png,in/brain_data/20190801_ULA08/03_MCX/03_MCX_GT_sagittal_slide_116.png
Please focus on inner (with WM) on outer GM boundaries,in/brain_data/20190801_ULA08/03_MCX/03_MCX_anat_sagittal_slide_112.png,in/brain_data/20190801_ULA08/03_MCX/03_MCX_anat_sagittal_slide_113.png,in/brain_data/20190801_ULA08/03_MCX/03_MCX_anat_sagittal_slide_114.png,in/brain_data/20190801_ULA08/03_MCX/03_MCX_anat_sagittal_slide_115.png,in/brain_data/20190801_ULA08/03_MCX/03_MCX_anat_sagittal_slide_116.png,in/brain_data/20190801_ULA08/03_MCX/03_MCX_cerebrum_sagittal_slide_112.png,in/brain_data/20190801_ULA08/03_MCX/03_MCX_cerebrum_sagittal_slide_113.png,in/brain_data/20190801_ULA08/03_MCX/03_MCX_cerebrum_sagittal_slide_114.png,in/brain_data/20190801_ULA08/03_MCX/03_MCX_cerebrum_sagittal_slide_115.png,in/brain_data/20190801_ULA08/03_MCX/03_MCX_cerebrum_sagittal_slide_116.png,in/brain_data/20190801_ULA08/03_MCX/03_MCX_manual_sagittal_slide_112.png,in/brain_data/20190801_ULA08/03_MCX/03_MCX_manual_sagittal_slide_113.png,in/brain_data/20190801_ULA08/03_MCX/03_MCX_manual_sagittal_slide_114.png,in/brain_data/20190801_ULA08/03_MCX/03_MCX_manual_sagittal_slide_115.png,in/brain_data/20190801_ULA08/03_MCX/03_MCX_manual_sagittal_slide_116.png
Please focus on inner (with WM) on outer GM boundaries,in/brain_data/20190801_ULA08/03_MCX/03_MCX_anat_sagittal_slide_112.png,in/brain_data/20190801_ULA08/03_MCX/03_MCX_anat_sagittal_slide_113.png,in/brain_data/20190801_ULA08/03_MCX/03_MCX_anat_sagittal_slide_114.png,in/brain_data/20190801_ULA08/03_MCX/03_MCX_anat_sagittal_slide_115.png,in/brain_data/20190801_ULA08/03_MCX/03_MCX_anat_sagittal_slide_116.png,in/brain_data/20190801_ULA08/03_MCX/03_MCX_manual_sagittal_slide_112.png,in/brain_data/20190801_ULA08/03_MCX/03_MCX_manual_sagittal_slide_113.png,in/brain_data/20190801_ULA08/03_MCX/03_MCX_manual_sagittal_slide_114.png,in/brain_data/20190801_ULA08/03_MCX/03_MCX_manual_sagittal_slide_115.png,in/brain_data/20190801_ULA08/03_MCX/03_MCX_manual_sagittal_slide_116.png,in/brain_data/20190801_ULA08/03_MCX/03_MCX_GT_sagittal_slide_112.png,in/brain_data/20190801_ULA08/03_MCX/03_MCX_GT_sagittal_slide_113.png,in/brain_data/20190801_ULA08/03_MCX/03_MCX_GT_sagittal_slide_114.png,in/brain_data/20190801_ULA08/03_MCX/03_MCX_GT_sagittal_slide_115.png,in/brain_data/20190801_ULA08/03_MCX/03_MCX_GT_sagittal_slide_116.png
Please focus on cerebellum,in/brain_data/20190801_ULA08/04_CER/04_CER_anat_axial_slide_36.png,in/brain_data/20190801_ULA08/04_CER/04_CER_anat_axial_slide_37.png,in/brain_data/20190801_ULA08/04_CER/04_CER_anat_axial_slide_38.png,in/brain_data/20190801_ULA08/04_CER/04_CER_anat_axial_slide_39.png,in/brain_data/20190801_ULA08/04_CER/04_CER_anat_axial_slide_40.png,in/brain_data/20190801_ULA08/04_CER/04_CER_GT_axial_slide_36.png,in/brain_data/20190801_ULA08/04_CER/04_CER_GT_axial_slide_37.png,in/brain_data/20190801_ULA08/04_CER/04_CER_GT_axial_slide_38.png,in/brain_data/20190801_ULA08/04_CER/04_CER_GT_axial_slide_39.png,in/brain_data/20190801_ULA08/04_CER/04_CER_GT_axial_slide_40.png,in/brain_data/20190801_ULA08/04_CER/04_CER_cerebrum_axial_slide_36.png,in/brain_data/20190801_ULA08/04_CER/04_CER_cerebrum_axial_slide_37.png,in/brain_data/20190801_ULA08/04_CER/04_CER_cerebrum_axial_slide_38.png,in/brain_data/20190801_ULA08/04_CER/04_CER_cerebrum_axial_slide_39.png,in/brain_data/20190801_ULA08/04_CER/04_CER_cerebrum_axial_slide_40.png
Please focus on cerebellum,in/brain_data/20190801_ULA08/04_CER/04_CER_anat_axial_slide_36.png,in/brain_data/20190801_ULA08/04_CER/04_CER_anat_axial_slide_37.png,in/brain_data/20190801_ULA08/04_CER/04_CER_anat_axial_slide_38.png,in/brain_data/20190801_ULA08/04_CER/04_CER_anat_axial_slide_39.png,in/brain_data/20190801_ULA08/04_CER/04_CER_anat_axial_slide_40.png,in/brain_data/20190801_ULA08/04_CER/04_CER_manual_axial_slide_36.png,in/brain_data/20190801_ULA08/04_CER/04_CER_manual_axial_slide_37.png,in/brain_data/20190801_ULA08/04_CER/04_CER_manual_axial_slide_38.png,in/brain_data/20190801_ULA08/04_CER/04_CER_manual_axial_slide_39.png,in/brain_data/20190801_ULA08/04_CER/04_CER_manual_axial_slide_40.png,in/brain_data/20190801_ULA08/04_CER/04_CER_cerebrum_axial_slide_36.png,in/brain_data/20190801_ULA08/04_CER/04_CER_cerebrum_axial_slide_37.png,in/brain_data/20190801_ULA08/04_CER/04_CER_cerebrum_axial_slide_38.png,in/brain_data/20190801_ULA08/04_CER/04_CER_cerebrum_axial_slide_39.png,in/brain_data/20190801_ULA08/04_CER/04_CER_cerebrum_axial_slide_40.png
Please focus on cerebellum,in/brain_data/20190801_ULA08/04_CER/04_CER_anat_axial_slide_36.png,in/brain_data/20190801_ULA08/04_CER/04_CER_anat_axial_slide_37.png,in/brain_data/20190801_ULA08/04_CER/04_CER_anat_axial_slide_38.png,in/brain_data/20190801_ULA08/04_CER/04_CER_anat_axial_slide_39.png,in/brain_data/20190801_ULA08/04_CER/04_CER_anat_axial_slide_40.png,in/brain_data/20190801_ULA08/04_CER/04_CER_GT_axial_slide_36.png,in/brain_data/20190801_ULA08/04_CER/04_CER_GT_axial_slide_37.png,in/brain_data/20190801_ULA08/04_CER/04_CER_GT_axial_slide_38.png,in/brain_data/20190801_ULA08/04_CER/04_CER_GT_axial_slide_39.png,in/brain_data/20190801_ULA08/04_CER/04_CER_GT_axial_slide_40.png,in/brain_data/20190801_ULA08/04_CER/04_CER_manual_axial_slide_36.png,in/brain_data/20190801_ULA08/04_CER/04_CER_manual_axial_slide_37.png,in/brain_data/20190801_ULA08/04_CER/04_CER_manual_axial_slide_38.png,in/brain_data/20190801_ULA08/04_CER/04_CER_manual_axial_slide_39.png,in/brain_data/20190801_ULA08/04_CER/04_CER_manual_axial_slide_40.png
Please focus on inner (with WM) on outer GM boundaries,in/brain_data/20190801_ULA08/05_HIP/05_HIP_anat_sagittal_slide_83.png,in/brain_data/20190801_ULA08/05_HIP/05_HIP_anat_sagittal_slide_84.png,in/brain_data/20190801_ULA08/05_HIP/05_HIP_anat_sagittal_slide_85.png,in/brain_data/20190801_ULA08/05_HIP/05_HIP_anat_sagittal_slide_86.png,in/brain_data/20190801_ULA08/05_HIP/05_HIP_anat_sagittal_slide_87.png,in/brain_data/20190801_ULA08/05_HIP/05_HIP_GT_sagittal_slide_83.png,in/brain_data/20190801_ULA08/05_HIP/05_HIP_GT_sagittal_slide_84.png,in/brain_data/20190801_ULA08/05_HIP/05_HIP_GT_sagittal_slide_85.png,in/brain_data/20190801_ULA08/05_HIP/05_HIP_GT_sagittal_slide_86.png,in/brain_data/20190801_ULA08/05_HIP/05_HIP_GT_sagittal_slide_87.png,in/brain_data/20190801_ULA08/05_HIP/05_HIP_cerebrum_sagittal_slide_83.png,in/brain_data/20190801_ULA08/05_HIP/05_HIP_cerebrum_sagittal_slide_84.png,in/brain_data/20190801_ULA08/05_HIP/05_HIP_cerebrum_sagittal_slide_85.png,in/brain_data/20190801_ULA08/05_HIP/05_HIP_cerebrum_sagittal_slide_86.png,in/brain_data/20190801_ULA08/05_HIP/05_HIP_cerebrum_sagittal_slide_87.png
Please focus on inner (with WM) on outer GM boundaries,in/brain_data/20190801_ULA08/05_HIP/05_HIP_anat_sagittal_slide_83.png,in/brain_data/20190801_ULA08/05_HIP/05_HIP_anat_sagittal_slide_84.png,in/brain_data/20190801_ULA08/05_HIP/05_HIP_anat_sagittal_slide_85.png,in/brain_data/20190801_ULA08/05_HIP/05_HIP_anat_sagittal_slide_86.png,in/brain_data/20190801_ULA08/05_HIP/05_HIP_anat_sagittal_slide_87.png,in/brain_data/20190801_ULA08/05_HIP/05_HIP_cerebrum_sagittal_slide_83.png,in/brain_data/20190801_ULA08/05_HIP/05_HIP_cerebrum_sagittal_slide_84.png,in/brain_data/20190801_ULA08/05_HIP/05_HIP_cerebrum_sagittal_slide_85.png,in/brain_data/20190801_ULA08/05_HIP/05_HIP_cerebrum_sagittal_slide_86.png,in/brain_data/20190801_ULA08/05_HIP/05_HIP_cerebrum_sagittal_slide_87.png,in/brain_data/20190801_ULA08/05_HIP/05_HIP_manual_sagittal_slide_83.png,in/brain_data/20190801_ULA08/05_HIP/05_HIP_manual_sagittal_slide_84.png,in/brain_data/20190801_ULA08/05_HIP/05_HIP_manual_sagittal_slide_85.png,in/brain_data/20190801_ULA08/05_HIP/05_HIP_manual_sagittal_slide_86.png,in/brain_data/20190801_ULA08/05_HIP/05_HIP_manual_sagittal_slide_87.png
Please focus on inner (with WM) on outer GM boundaries,in/brain_data/20190801_ULA08/05_HIP/05_HIP_anat_sagittal_slide_83.png,in/brain_data/20190801_ULA08/05_HIP/05_HIP_anat_sagittal_slide_84.png,in/brain_data/20190801_ULA08/05_HIP/05_HIP_anat_sagittal_slide_85.png,in/brain_data/20190801_ULA08/05_HIP/05_HIP_anat_sagittal_slide_86.png,in/brain_data/20190801_ULA08/05_HIP/05_HIP_anat_sagittal_slide_87.png,in/brain_data/20190801_ULA08/05_HIP/05_HIP_GT_sagittal_slide_83.png,in/brain_data/20190801_ULA08/05_HIP/05_HIP_GT_sagittal_slide_84.png,in/brain_data/20190801_ULA08/05_HIP/05_HIP_GT_sagittal_slide_85.png,in/brain_data/20190801_ULA08/05_HIP/05_HIP_GT_sagittal_slide_86.png,in/brain_data/20190801_ULA08/05_HIP/05_HIP_GT_sagittal_slide_87.png,in/brain_data/20190801_ULA08/05_HIP/05_HIP_manual_sagittal_slide_83.png,in/brain_data/20190801_ULA08/05_HIP/05_HIP_manual_sagittal_slide_84.png,in/brain_data/20190801_ULA08/05_HIP/05_HIP_manual_sagittal_slide_85.png,in/brain_data/20190801_ULA08/05_HIP/05_HIP_manual_sagittal_slide_86.png,in/brain_data/20190801_ULA08/05_HIP/05_HIP_manual_sagittal_slide_87.png
Please focus on inner (with WM) on outer GM boundaries,in/brain_data/20190801_ULA08/06_EAC/06_EAC_anat_coronal_slide_159.png,in/brain_data/20190801_ULA08/06_EAC/06_EAC_anat_coronal_slide_160.png,in/brain_data/20190801_ULA08/06_EAC/06_EAC_anat_coronal_slide_161.png,in/brain_data/20190801_ULA08/06_EAC/06_EAC_anat_coronal_slide_162.png,in/brain_data/20190801_ULA08/06_EAC/06_EAC_anat_coronal_slide_163.png,in/brain_data/20190801_ULA08/06_EAC/06_EAC_cerebrum_coronal_slide_159.png,in/brain_data/20190801_ULA08/06_EAC/06_EAC_cerebrum_coronal_slide_160.png,in/brain_data/20190801_ULA08/06_EAC/06_EAC_cerebrum_coronal_slide_161.png,in/brain_data/20190801_ULA08/06_EAC/06_EAC_cerebrum_coronal_slide_162.png,in/brain_data/20190801_ULA08/06_EAC/06_EAC_cerebrum_coronal_slide_163.png,in/brain_data/20190801_ULA08/06_EAC/06_EAC_GT_coronal_slide_159.png,in/brain_data/20190801_ULA08/06_EAC/06_EAC_GT_coronal_slide_160.png,in/brain_data/20190801_ULA08/06_EAC/06_EAC_GT_coronal_slide_161.png,in/brain_data/20190801_ULA08/06_EAC/06_EAC_GT_coronal_slide_162.png,in/brain_data/20190801_ULA08/06_EAC/06_EAC_GT_coronal_slide_163.png
Please focus on inner (with WM) on outer GM boundaries,in/brain_data/20190801_ULA08/06_EAC/06_EAC_anat_coronal_slide_159.png,in/brain_data/20190801_ULA08/06_EAC/06_EAC_anat_coronal_slide_160.png,in/brain_data/20190801_ULA08/06_EAC/06_EAC_anat_coronal_slide_161.png,in/brain_data/20190801_ULA08/06_EAC/06_EAC_anat_coronal_slide_162.png,in/brain_data/20190801_ULA08/06_EAC/06_EAC_anat_coronal_slide_163.png,in/brain_data/20190801_ULA08/06_EAC/06_EAC_manual_coronal_slide_159.png,in/brain_data/20190801_ULA08/06_EAC/06_EAC_manual_coronal_slide_160.png,in/brain_data/20190801_ULA08/06_EAC/06_EAC_manual_coronal_slide_161.png,in/brain_data/20190801_ULA08/06_EAC/06_EAC_manual_coronal_slide_162.png,in/brain_data/20190801_ULA08/06_EAC/06_EAC_manual_coronal_slide_163.png,in/brain_data/20190801_ULA08/06_EAC/06_EAC_cerebrum_coronal_slide_159.png,in/brain_data/20190801_ULA08/06_EAC/06_EAC_cerebrum_coronal_slide_160.png,in/brain_data/20190801_ULA08/06_EAC/06_EAC_cerebrum_coronal_slide_161.png,in/brain_data/20190801_ULA08/06_EAC/06_EAC_cerebrum_coronal_slide_162.png,in/brain_data/20190801_ULA08/06_EAC/06_EAC_cerebrum_coronal_slide_163.png
Please focus on inner (with WM) on outer GM boundaries,in/brain_data/20190801_ULA08/06_EAC/06_EAC_anat_coronal_slide_159.png,in/brain_data/20190801_ULA08/06_EAC/06_EAC_anat_coronal_slide_160.png,in/brain_data/20190801_ULA08/06_EAC/06_EAC_anat_coronal_slide_161.png,in/brain_data/20190801_ULA08/06_EAC/06_EAC_anat_coronal_slide_162.png,in/brain_data/20190801_ULA08/06_EAC/06_EAC_anat_coronal_slide_163.png,in/brain_data/20190801_ULA08/06_EAC/06_EAC_manual_coronal_slide_159.png,in/brain_data/20190801_ULA08/06_EAC/06_EAC_manual_coronal_slide_160.png,in/brain_data/20190801_ULA08/06_EAC/06_EAC_manual_coronal_slide_161.png,in/brain_data/20190801_ULA08/06_EAC/06_EAC_manual_coronal_slide_162.png,in/brain_data/20190801_ULA08/06_EAC/06_EAC_manual_coronal_slide_163.png,in/brain_data/20190801_ULA08/06_EAC/06_EAC_GT_coronal_slide_159.png,in/brain_data/20190801_ULA08/06_EAC/06_EAC_GT_coronal_slide_160.png,in/brain_data/20190801_ULA08/06_EAC/06_EAC_GT_coronal_slide_161.png,in/brain_data/20190801_ULA08/06_EAC/06_EAC_GT_coronal_slide_162.png,in/brain_data/20190801_ULA08/06_EAC/06_EAC_GT_coronal_slide_163.png
Please focus on brainstem and ventricles,in/brain_data/20190801_ULA08/07_BST/07_BST_anat_sagittal_slide_131.png,in/brain_data/20190801_ULA08/07_BST/07_BST_anat_sagittal_slide_132.png,in/brain_data/20190801_ULA08/07_BST/07_BST_anat_sagittal_slide_133.png,in/brain_data/20190801_ULA08/07_BST/07_BST_anat_sagittal_slide_134.png,in/brain_data/20190801_ULA08/07_BST/07_BST_anat_sagittal_slide_135.png,in/brain_data/20190801_ULA08/07_BST/07_BST_GT_sagittal_slide_131.png,in/brain_data/20190801_ULA08/07_BST/07_BST_GT_sagittal_slide_132.png,in/brain_data/20190801_ULA08/07_BST/07_BST_GT_sagittal_slide_133.png,in/brain_data/20190801_ULA08/07_BST/07_BST_GT_sagittal_slide_134.png,in/brain_data/20190801_ULA08/07_BST/07_BST_GT_sagittal_slide_135.png,in/brain_data/20190801_ULA08/07_BST/07_BST_cerebrum_sagittal_slide_131.png,in/brain_data/20190801_ULA08/07_BST/07_BST_cerebrum_sagittal_slide_132.png,in/brain_data/20190801_ULA08/07_BST/07_BST_cerebrum_sagittal_slide_133.png,in/brain_data/20190801_ULA08/07_BST/07_BST_cerebrum_sagittal_slide_134.png,in/brain_data/20190801_ULA08/07_BST/07_BST_cerebrum_sagittal_slide_135.png
Please focus on brainstem and ventricles,in/brain_data/20190801_ULA08/07_BST/07_BST_anat_sagittal_slide_131.png,in/brain_data/20190801_ULA08/07_BST/07_BST_anat_sagittal_slide_132.png,in/brain_data/20190801_ULA08/07_BST/07_BST_anat_sagittal_slide_133.png,in/brain_data/20190801_ULA08/07_BST/07_BST_anat_sagittal_slide_134.png,in/brain_data/20190801_ULA08/07_BST/07_BST_anat_sagittal_slide_135.png,in/brain_data/20190801_ULA08/07_BST/07_BST_manual_sagittal_slide_131.png,in/brain_data/20190801_ULA08/07_BST/07_BST_manual_sagittal_slide_132.png,in/brain_data/20190801_ULA08/07_BST/07_BST_manual_sagittal_slide_133.png,in/brain_data/20190801_ULA08/07_BST/07_BST_manual_sagittal_slide_134.png,in/brain_data/20190801_ULA08/07_BST/07_BST_manual_sagittal_slide_135.png,in/brain_data/20190801_ULA08/07_BST/07_BST_cerebrum_sagittal_slide_131.png,in/brain_data/20190801_ULA08/07_BST/07_BST_cerebrum_sagittal_slide_132.png,in/brain_data/20190801_ULA08/07_BST/07_BST_cerebrum_sagittal_slide_133.png,in/brain_data/20190801_ULA08/07_BST/07_BST_cerebrum_sagittal_slide_134.png,in/brain_data/20190801_ULA08/07_BST/07_BST_cerebrum_sagittal_slide_135.png
Please focus on brainstem and ventricles,in/brain_data/20190801_ULA08/07_BST/07_BST_anat_sagittal_slide_131.png,in/brain_data/20190801_ULA08/07_BST/07_BST_anat_sagittal_slide_132.png,in/brain_data/20190801_ULA08/07_BST/07_BST_anat_sagittal_slide_133.png,in/brain_data/20190801_ULA08/07_BST/07_BST_anat_sagittal_slide_134.png,in/brain_data/20190801_ULA08/07_BST/07_BST_anat_sagittal_slide_135.png,in/brain_data/20190801_ULA08/07_BST/07_BST_GT_sagittal_slide_131.png,in/brain_data/20190801_ULA08/07_BST/07_BST_GT_sagittal_slide_132.png,in/brain_data/20190801_ULA08/07_BST/07_BST_GT_sagittal_slide_133.png,in/brain_data/20190801_ULA08/07_BST/07_BST_GT_sagittal_slide_134.png,in/brain_data/20190801_ULA08/07_BST/07_BST_GT_sagittal_slide_135.png,in/brain_data/20190801_ULA08/07_BST/07_BST_manual_sagittal_slide_131.png,in/brain_data/20190801_ULA08/07_BST/07_BST_manual_sagittal_slide_132.png,in/brain_data/20190801_ULA08/07_BST/07_BST_manual_sagittal_slide_133.png,in/brain_data/20190801_ULA08/07_BST/07_BST_manual_sagittal_slide_134.png,in/brain_data/20190801_ULA08/07_BST/07_BST_manual_sagittal_slide_135.png
Please focus on basal ganglia and WM and ventricles,in/brain_data/20190801_ULA08/08_BGA/08_BGA_anat_axial_slide_98.png,in/brain_data/20190801_ULA08/08_BGA/08_BGA_anat_axial_slide_99.png,in/brain_data/20190801_ULA08/08_BGA/08_BGA_anat_axial_slide_100.png,in/brain_data/20190801_ULA08/08_BGA/08_BGA_anat_axial_slide_101.png,in/brain_data/20190801_ULA08/08_BGA/08_BGA_anat_axial_slide_102.png,in/brain_data/20190801_ULA08/08_BGA/08_BGA_GT_axial_slide_98.png,in/brain_data/20190801_ULA08/08_BGA/08_BGA_GT_axial_slide_99.png,in/brain_data/20190801_ULA08/08_BGA/08_BGA_GT_axial_slide_100.png,in/brain_data/20190801_ULA08/08_BGA/08_BGA_GT_axial_slide_101.png,in/brain_data/20190801_ULA08/08_BGA/08_BGA_GT_axial_slide_102.png,in/brain_data/20190801_ULA08/08_BGA/08_BGA_cerebrum_axial_slide_98.png,in/brain_data/20190801_ULA08/08_BGA/08_BGA_cerebrum_axial_slide_99.png,in/brain_data/20190801_ULA08/08_BGA/08_BGA_cerebrum_axial_slide_100.png,in/brain_data/20190801_ULA08/08_BGA/08_BGA_cerebrum_axial_slide_101.png,in/brain_data/20190801_ULA08/08_BGA/08_BGA_cerebrum_axial_slide_102.png
Please focus on basal ganglia and WM and ventricles,in/brain_data/20190801_ULA08/08_BGA/08_BGA_anat_axial_slide_98.png,in/brain_data/20190801_ULA08/08_BGA/08_BGA_anat_axial_slide_99.png,in/brain_data/20190801_ULA08/08_BGA/08_BGA_anat_axial_slide_100.png,in/brain_data/20190801_ULA08/08_BGA/08_BGA_anat_axial_slide_101.png,in/brain_data/20190801_ULA08/08_BGA/08_BGA_anat_axial_slide_102.png,in/brain_data/20190801_ULA08/08_BGA/08_BGA_cerebrum_axial_slide_98.png,in/brain_data/20190801_ULA08/08_BGA/08_BGA_cerebrum_axial_slide_99.png,in/brain_data/20190801_ULA08/08_BGA/08_BGA_cerebrum_axial_slide_100.png,in/brain_data/20190801_ULA08/08_BGA/08_BGA_cerebrum_axial_slide_101.png,in/brain_data/20190801_ULA08/08_BGA/08_BGA_cerebrum_axial_slide_102.png,in/brain_data/20190801_ULA08/08_BGA/08_BGA_manual_axial_slide_98.png,in/brain_data/20190801_ULA08/08_BGA/08_BGA_manual_axial_slide_99.png,in/brain_data/20190801_ULA08/08_BGA/08_BGA_manual_axial_slide_100.png,in/brain_data/20190801_ULA08/08_BGA/08_BGA_manual_axial_slide_101.png,in/brain_data/20190801_ULA08/08_BGA/08_BGA_manual_axial_slide_102.png
Please focus on basal ganglia and WM and ventricles,in/brain_data/20190801_ULA08/08_BGA/08_BGA_anat_axial_slide_98.png,in/brain_data/20190801_ULA08/08_BGA/08_BGA_anat_axial_slide_99.png,in/brain_data/20190801_ULA08/08_BGA/08_BGA_anat_axial_slide_100.png,in/brain_data/20190801_ULA08/08_BGA/08_BGA_anat_axial_slide_101.png,in/brain_data/20190801_ULA08/08_BGA/08_BGA_anat_axial_slide_102.png,in/brain_data/20190801_ULA08/08_BGA/08_BGA_GT_axial_slide_98.png,in/brain_data/20190801_ULA08/08_BGA/08_BGA_GT_axial_slide_99.png,in/brain_data/20190801_ULA08/08_BGA/08_BGA_GT_axial_slide_100.png,in/brain_data/20190801_ULA08/08_BGA/08_BGA_GT_axial_slide_101.png,in/brain_data/20190801_ULA08/08_BGA/08_BGA_GT_axial_slide_102.png,in/brain_data/20190801_ULA08/08_BGA/08_BGA_manual_axial_slide_98.png,in/brain_data/20190801_ULA08/08_BGA/08_BGA_manual_axial_slide_99.png,in/brain_data/20190801_ULA08/08_BGA/08_BGA_manual_axial_slide_100.png,in/brain_data/20190801_ULA08/08_BGA/08_BGA_manual_axial_slide_101.png,in/brain_data/20190801_ULA08/08_BGA/08_BGA_manual_axial_slide_102.png
Please focus on inner (with WM) on outer GM boundaries,in/brain_data/20190815_LLN27/01_EVC/01_EVC_anat_axial_slide_98.png,in/brain_data/20190815_LLN27/01_EVC/01_EVC_anat_axial_slide_99.png,in/brain_data/20190815_LLN27/01_EVC/01_EVC_anat_axial_slide_100.png,in/brain_data/20190815_LLN27/01_EVC/01_EVC_anat_axial_slide_101.png,in/brain_data/20190815_LLN27/01_EVC/01_EVC_anat_axial_slide_102.png,in/brain_data/20190815_LLN27/01_EVC/01_EVC_cerebrum_axial_slide_98.png,in/brain_data/20190815_LLN27/01_EVC/01_EVC_cerebrum_axial_slide_99.png,in/brain_data/20190815_LLN27/01_EVC/01_EVC_cerebrum_axial_slide_100.png,in/brain_data/20190815_LLN27/01_EVC/01_EVC_cerebrum_axial_slide_101.png,in/brain_data/20190815_LLN27/01_EVC/01_EVC_cerebrum_axial_slide_102.png,in/brain_data/20190815_LLN27/01_EVC/01_EVC_GT_axial_slide_98.png,in/brain_data/20190815_LLN27/01_EVC/01_EVC_GT_axial_slide_99.png,in/brain_data/20190815_LLN27/01_EVC/01_EVC_GT_axial_slide_100.png,in/brain_data/20190815_LLN27/01_EVC/01_EVC_GT_axial_slide_101.png,in/brain_data/20190815_LLN27/01_EVC/01_EVC_GT_axial_slide_102.png
Please focus on inner (with WM) on outer GM boundaries,in/brain_data/20190815_LLN27/01_EVC/01_EVC_anat_axial_slide_98.png,in/brain_data/20190815_LLN27/01_EVC/01_EVC_anat_axial_slide_99.png,in/brain_data/20190815_LLN27/01_EVC/01_EVC_anat_axial_slide_100.png,in/brain_data/20190815_LLN27/01_EVC/01_EVC_anat_axial_slide_101.png,in/brain_data/20190815_LLN27/01_EVC/01_EVC_anat_axial_slide_102.png,in/brain_data/20190815_LLN27/01_EVC/01_EVC_manual_axial_slide_98.png,in/brain_data/20190815_LLN27/01_EVC/01_EVC_manual_axial_slide_99.png,in/brain_data/20190815_LLN27/01_EVC/01_EVC_manual_axial_slide_100.png,in/brain_data/20190815_LLN27/01_EVC/01_EVC_manual_axial_slide_101.png,in/brain_data/20190815_LLN27/01_EVC/01_EVC_manual_axial_slide_102.png,in/brain_data/20190815_LLN27/01_EVC/01_EVC_cerebrum_axial_slide_98.png,in/brain_data/20190815_LLN27/01_EVC/01_EVC_cerebrum_axial_slide_99.png,in/brain_data/20190815_LLN27/01_EVC/01_EVC_cerebrum_axial_slide_100.png,in/brain_data/20190815_LLN27/01_EVC/01_EVC_cerebrum_axial_slide_101.png,in/brain_data/20190815_LLN27/01_EVC/01_EVC_cerebrum_axial_slide_102.png
Please focus on inner (with WM) on outer GM boundaries,in/brain_data/20190815_LLN27/01_EVC/01_EVC_anat_axial_slide_98.png,in/brain_data/20190815_LLN27/01_EVC/01_EVC_anat_axial_slide_99.png,in/brain_data/20190815_LLN27/01_EVC/01_EVC_anat_axial_slide_100.png,in/brain_data/20190815_LLN27/01_EVC/01_EVC_anat_axial_slide_101.png,in/brain_data/20190815_LLN27/01_EVC/01_EVC_anat_axial_slide_102.png,in/brain_data/20190815_LLN27/01_EVC/01_EVC_GT_axial_slide_98.png,in/brain_data/20190815_LLN27/01_EVC/01_EVC_GT_axial_slide_99.png,in/brain_data/20190815_LLN27/01_EVC/01_EVC_GT_axial_slide_100.png,in/brain_data/20190815_LLN27/01_EVC/01_EVC_GT_axial_slide_101.png,in/brain_data/20190815_LLN27/01_EVC/01_EVC_GT_axial_slide_102.png,in/brain_data/20190815_LLN27/01_EVC/01_EVC_manual_axial_slide_98.png,in/brain_data/20190815_LLN27/01_EVC/01_EVC_manual_axial_slide_99.png,in/brain_data/20190815_LLN27/01_EVC/01_EVC_manual_axial_slide_100.png,in/brain_data/20190815_LLN27/01_EVC/01_EVC_manual_axial_slide_101.png,in/brain_data/20190815_LLN27/01_EVC/01_EVC_manual_axial_slide_102.png
Please focus on inner (with WM) on outer GM boundaries,in/brain_data/20190815_LLN27/02_HVC/02_HVC_anat_axial_slide_49.png,in/brain_data/20190815_LLN27/02_HVC/02_HVC_anat_axial_slide_50.png,in/brain_data/20190815_LLN27/02_HVC/02_HVC_anat_axial_slide_51.png,in/brain_data/20190815_LLN27/02_HVC/02_HVC_anat_axial_slide_52.png,in/brain_data/20190815_LLN27/02_HVC/02_HVC_anat_axial_slide_53.png,in/brain_data/20190815_LLN27/02_HVC/02_HVC_GT_axial_slide_49.png,in/brain_data/20190815_LLN27/02_HVC/02_HVC_GT_axial_slide_50.png,in/brain_data/20190815_LLN27/02_HVC/02_HVC_GT_axial_slide_51.png,in/brain_data/20190815_LLN27/02_HVC/02_HVC_GT_axial_slide_52.png,in/brain_data/20190815_LLN27/02_HVC/02_HVC_GT_axial_slide_53.png,in/brain_data/20190815_LLN27/02_HVC/02_HVC_cerebrum_axial_slide_49.png,in/brain_data/20190815_LLN27/02_HVC/02_HVC_cerebrum_axial_slide_50.png,in/brain_data/20190815_LLN27/02_HVC/02_HVC_cerebrum_axial_slide_51.png,in/brain_data/20190815_LLN27/02_HVC/02_HVC_cerebrum_axial_slide_52.png,in/brain_data/20190815_LLN27/02_HVC/02_HVC_cerebrum_axial_slide_53.png
Please focus on inner (with WM) on outer GM boundaries,in/brain_data/20190815_LLN27/02_HVC/02_HVC_anat_axial_slide_49.png,in/brain_data/20190815_LLN27/02_HVC/02_HVC_anat_axial_slide_50.png,in/brain_data/20190815_LLN27/02_HVC/02_HVC_anat_axial_slide_51.png,in/brain_data/20190815_LLN27/02_HVC/02_HVC_anat_axial_slide_52.png,in/brain_data/20190815_LLN27/02_HVC/02_HVC_anat_axial_slide_53.png,in/brain_data/20190815_LLN27/02_HVC/02_HVC_manual_axial_slide_49.png,in/brain_data/20190815_LLN27/02_HVC/02_HVC_manual_axial_slide_50.png,in/brain_data/20190815_LLN27/02_HVC/02_HVC_manual_axial_slide_51.png,in/brain_data/20190815_LLN27/02_HVC/02_HVC_manual_axial_slide_52.png,in/brain_data/20190815_LLN27/02_HVC/02_HVC_manual_axial_slide_53.png,in/brain_data/20190815_LLN27/02_HVC/02_HVC_cerebrum_axial_slide_49.png,in/brain_data/20190815_LLN27/02_HVC/02_HVC_cerebrum_axial_slide_50.png,in/brain_data/20190815_LLN27/02_HVC/02_HVC_cerebrum_axial_slide_51.png,in/brain_data/20190815_LLN27/02_HVC/02_HVC_cerebrum_axial_slide_52.png,in/brain_data/20190815_LLN27/02_HVC/02_HVC_cerebrum_axial_slide_53.png
Please focus on inner (with WM) on outer GM boundaries,in/brain_data/20190815_LLN27/02_HVC/02_HVC_anat_axial_slide_49.png,in/brain_data/20190815_LLN27/02_HVC/02_HVC_anat_axial_slide_50.png,in/brain_data/20190815_LLN27/02_HVC/02_HVC_anat_axial_slide_51.png,in/brain_data/20190815_LLN27/02_HVC/02_HVC_anat_axial_slide_52.png,in/brain_data/20190815_LLN27/02_HVC/02_HVC_anat_axial_slide_53.png,in/brain_data/20190815_LLN27/02_HVC/02_HVC_manual_axial_slide_49.png,in/brain_data/20190815_LLN27/02_HVC/02_HVC_manual_axial_slide_50.png,in/brain_data/20190815_LLN27/02_HVC/02_HVC_manual_axial_slide_51.png,in/brain_data/20190815_LLN27/02_HVC/02_HVC_manual_axial_slide_52.png,in/brain_data/20190815_LLN27/02_HVC/02_HVC_manual_axial_slide_53.png,in/brain_data/20190815_LLN27/02_HVC/02_HVC_GT_axial_slide_49.png,in/brain_data/20190815_LLN27/02_HVC/02_HVC_GT_axial_slide_50.png,in/brain_data/20190815_LLN27/02_HVC/02_HVC_GT_axial_slide_51.png,in/brain_data/20190815_LLN27/02_HVC/02_HVC_GT_axial_slide_52.png,in/brain_data/20190815_LLN27/02_HVC/02_HVC_GT_axial_slide_53.png
Please focus on inner (with WM) on outer GM boundaries,in/brain_data/20190815_LLN27/03_MCX/03_MCX_anat_sagittal_slide_106.png,in/brain_data/20190815_LLN27/03_MCX/03_MCX_anat_sagittal_slide_107.png,in/brain_data/20190815_LLN27/03_MCX/03_MCX_anat_sagittal_slide_108.png,in/brain_data/20190815_LLN27/03_MCX/03_MCX_anat_sagittal_slide_109.png,in/brain_data/20190815_LLN27/03_MCX/03_MCX_anat_sagittal_slide_110.png,in/brain_data/20190815_LLN27/03_MCX/03_MCX_GT_sagittal_slide_106.png,in/brain_data/20190815_LLN27/03_MCX/03_MCX_GT_sagittal_slide_107.png,in/brain_data/20190815_LLN27/03_MCX/03_MCX_GT_sagittal_slide_108.png,in/brain_data/20190815_LLN27/03_MCX/03_MCX_GT_sagittal_slide_109.png,in/brain_data/20190815_LLN27/03_MCX/03_MCX_GT_sagittal_slide_110.png,in/brain_data/20190815_LLN27/03_MCX/03_MCX_cerebrum_sagittal_slide_106.png,in/brain_data/20190815_LLN27/03_MCX/03_MCX_cerebrum_sagittal_slide_107.png,in/brain_data/20190815_LLN27/03_MCX/03_MCX_cerebrum_sagittal_slide_108.png,in/brain_data/20190815_LLN27/03_MCX/03_MCX_cerebrum_sagittal_slide_109.png,in/brain_data/20190815_LLN27/03_MCX/03_MCX_cerebrum_sagittal_slide_110.png
Please focus on inner (with WM) on outer GM boundaries,in/brain_data/20190815_LLN27/03_MCX/03_MCX_anat_sagittal_slide_106.png,in/brain_data/20190815_LLN27/03_MCX/03_MCX_anat_sagittal_slide_107.png,in/brain_data/20190815_LLN27/03_MCX/03_MCX_anat_sagittal_slide_108.png,in/brain_data/20190815_LLN27/03_MCX/03_MCX_anat_sagittal_slide_109.png,in/brain_data/20190815_LLN27/03_MCX/03_MCX_anat_sagittal_slide_110.png,in/brain_data/20190815_LLN27/03_MCX/03_MCX_cerebrum_sagittal_slide_106.png,in/brain_data/20190815_LLN27/03_MCX/03_MCX_cerebrum_sagittal_slide_107.png,in/brain_data/20190815_LLN27/03_MCX/03_MCX_cerebrum_sagittal_slide_108.png,in/brain_data/20190815_LLN27/03_MCX/03_MCX_cerebrum_sagittal_slide_109.png,in/brain_data/20190815_LLN27/03_MCX/03_MCX_cerebrum_sagittal_slide_110.png,in/brain_data/20190815_LLN27/03_MCX/03_MCX_manual_sagittal_slide_106.png,in/brain_data/20190815_LLN27/03_MCX/03_MCX_manual_sagittal_slide_107.png,in/brain_data/20190815_LLN27/03_MCX/03_MCX_manual_sagittal_slide_108.png,in/brain_data/20190815_LLN27/03_MCX/03_MCX_manual_sagittal_slide_109.png,in/brain_data/20190815_LLN27/03_MCX/03_MCX_manual_sagittal_slide_110.png
Please focus on inner (with WM) on outer GM boundaries,in/brain_data/20190815_LLN27/03_MCX/03_MCX_anat_sagittal_slide_106.png,in/brain_data/20190815_LLN27/03_MCX/03_MCX_anat_sagittal_slide_107.png,in/brain_data/20190815_LLN27/03_MCX/03_MCX_anat_sagittal_slide_108.png,in/brain_data/20190815_LLN27/03_MCX/03_MCX_anat_sagittal_slide_109.png,in/brain_data/20190815_LLN27/03_MCX/03_MCX_anat_sagittal_slide_110.png,in/brain_data/20190815_LLN27/03_MCX/03_MCX_GT_sagittal_slide_106.png,in/brain_data/20190815_LLN27/03_MCX/03_MCX_GT_sagittal_slide_107.png,in/brain_data/20190815_LLN27/03_MCX/03_MCX_GT_sagittal_slide_108.png,in/brain_data/20190815_LLN27/03_MCX/03_MCX_GT_sagittal_slide_109.png,in/brain_data/20190815_LLN27/03_MCX/03_MCX_GT_sagittal_slide_110.png,in/brain_data/20190815_LLN27/03_MCX/03_MCX_manual_sagittal_slide_106.png,in/brain_data/20190815_LLN27/03_MCX/03_MCX_manual_sagittal_slide_107.png,in/brain_data/20190815_LLN27/03_MCX/03_MCX_manual_sagittal_slide_108.png,in/brain_data/20190815_LLN27/03_MCX/03_MCX_manual_sagittal_slide_109.png,in/brain_data/20190815_LLN27/03_MCX/03_MCX_manual_sagittal_slide_110.png
Please focus on cerebellum,in/brain_data/20190815_LLN27/04_CER/04_CER_anat_axial_slide_58.png,in/brain_data/20190815_LLN27/04_CER/04_CER_anat_axial_slide_59.png,in/brain_data/20190815_LLN27/04_CER/04_CER_anat_axial_slide_60.png,in/brain_data/20190815_LLN27/04_CER/04_CER_anat_axial_slide_61.png,in/brain_data/20190815_LLN27/04_CER/04_CER_anat_axial_slide_62.png,in/brain_data/20190815_LLN27/04_CER/04_CER_cerebrum_axial_slide_58.png,in/brain_data/20190815_LLN27/04_CER/04_CER_cerebrum_axial_slide_59.png,in/brain_data/20190815_LLN27/04_CER/04_CER_cerebrum_axial_slide_60.png,in/brain_data/20190815_LLN27/04_CER/04_CER_cerebrum_axial_slide_61.png,in/brain_data/20190815_LLN27/04_CER/04_CER_cerebrum_axial_slide_62.png,in/brain_data/20190815_LLN27/04_CER/04_CER_GT_axial_slide_58.png,in/brain_data/20190815_LLN27/04_CER/04_CER_GT_axial_slide_59.png,in/brain_data/20190815_LLN27/04_CER/04_CER_GT_axial_slide_60.png,in/brain_data/20190815_LLN27/04_CER/04_CER_GT_axial_slide_61.png,in/brain_data/20190815_LLN27/04_CER/04_CER_GT_axial_slide_62.png
Please focus on cerebellum,in/brain_data/20190815_LLN27/04_CER/04_CER_anat_axial_slide_58.png,in/brain_data/20190815_LLN27/04_CER/04_CER_anat_axial_slide_59.png,in/brain_data/20190815_LLN27/04_CER/04_CER_anat_axial_slide_60.png,in/brain_data/20190815_LLN27/04_CER/04_CER_anat_axial_slide_61.png,in/brain_data/20190815_LLN27/04_CER/04_CER_anat_axial_slide_62.png,in/brain_data/20190815_LLN27/04_CER/04_CER_cerebrum_axial_slide_58.png,in/brain_data/20190815_LLN27/04_CER/04_CER_cerebrum_axial_slide_59.png,in/brain_data/20190815_LLN27/04_CER/04_CER_cerebrum_axial_slide_60.png,in/brain_data/20190815_LLN27/04_CER/04_CER_cerebrum_axial_slide_61.png,in/brain_data/20190815_LLN27/04_CER/04_CER_cerebrum_axial_slide_62.png,in/brain_data/20190815_LLN27/04_CER/04_CER_manual_axial_slide_58.png,in/brain_data/20190815_LLN27/04_CER/04_CER_manual_axial_slide_59.png,in/brain_data/20190815_LLN27/04_CER/04_CER_manual_axial_slide_60.png,in/brain_data/20190815_LLN27/04_CER/04_CER_manual_axial_slide_61.png,in/brain_data/20190815_LLN27/04_CER/04_CER_manual_axial_slide_62.png
Please focus on cerebellum,in/brain_data/20190815_LLN27/04_CER/04_CER_anat_axial_slide_58.png,in/brain_data/20190815_LLN27/04_CER/04_CER_anat_axial_slide_59.png,in/brain_data/20190815_LLN27/04_CER/04_CER_anat_axial_slide_60.png,in/brain_data/20190815_LLN27/04_CER/04_CER_anat_axial_slide_61.png,in/brain_data/20190815_LLN27/04_CER/04_CER_anat_axial_slide_62.png,in/brain_data/20190815_LLN27/04_CER/04_CER_GT_axial_slide_58.png,in/brain_data/20190815_LLN27/04_CER/04_CER_GT_axial_slide_59.png,in/brain_data/20190815_LLN27/04_CER/04_CER_GT_axial_slide_60.png,in/brain_data/20190815_LLN27/04_CER/04_CER_GT_axial_slide_61.png,in/brain_data/20190815_LLN27/04_CER/04_CER_GT_axial_slide_62.png,in/brain_data/20190815_LLN27/04_CER/04_CER_manual_axial_slide_58.png,in/brain_data/20190815_LLN27/04_CER/04_CER_manual_axial_slide_59.png,in/brain_data/20190815_LLN27/04_CER/04_CER_manual_axial_slide_60.png,in/brain_data/20190815_LLN27/04_CER/04_CER_manual_axial_slide_61.png,in/brain_data/20190815_LLN27/04_CER/04_CER_manual_axial_slide_62.png
Please focus on inner (with WM) on outer GM boundaries,in/brain_data/20190815_LLN27/05_HIP/05_HIP_anat_sagittal_slide_87.png,in/brain_data/20190815_LLN27/05_HIP/05_HIP_anat_sagittal_slide_88.png,in/brain_data/20190815_LLN27/05_HIP/05_HIP_anat_sagittal_slide_89.png,in/brain_data/20190815_LLN27/05_HIP/05_HIP_anat_sagittal_slide_90.png,in/brain_data/20190815_LLN27/05_HIP/05_HIP_anat_sagittal_slide_91.png,in/brain_data/20190815_LLN27/05_HIP/05_HIP_cerebrum_sagittal_slide_87.png,in/brain_data/20190815_LLN27/05_HIP/05_HIP_cerebrum_sagittal_slide_88.png,in/brain_data/20190815_LLN27/05_HIP/05_HIP_cerebrum_sagittal_slide_89.png,in/brain_data/20190815_LLN27/05_HIP/05_HIP_cerebrum_sagittal_slide_90.png,in/brain_data/20190815_LLN27/05_HIP/05_HIP_cerebrum_sagittal_slide_91.png,in/brain_data/20190815_LLN27/05_HIP/05_HIP_GT_sagittal_slide_87.png,in/brain_data/20190815_LLN27/05_HIP/05_HIP_GT_sagittal_slide_88.png,in/brain_data/20190815_LLN27/05_HIP/05_HIP_GT_sagittal_slide_89.png,in/brain_data/20190815_LLN27/05_HIP/05_HIP_GT_sagittal_slide_90.png,in/brain_data/20190815_LLN27/05_HIP/05_HIP_GT_sagittal_slide_91.png
Please focus on inner (with WM) on outer GM boundaries,in/brain_data/20190815_LLN27/05_HIP/05_HIP_anat_sagittal_slide_87.png,in/brain_data/20190815_LLN27/05_HIP/05_HIP_anat_sagittal_slide_88.png,in/brain_data/20190815_LLN27/05_HIP/05_HIP_anat_sagittal_slide_89.png,in/brain_data/20190815_LLN27/05_HIP/05_HIP_anat_sagittal_slide_90.png,in/brain_data/20190815_LLN27/05_HIP/05_HIP_anat_sagittal_slide_91.png,in/brain_data/20190815_LLN27/05_HIP/05_HIP_cerebrum_sagittal_slide_87.png,in/brain_data/20190815_LLN27/05_HIP/05_HIP_cerebrum_sagittal_slide_88.png,in/brain_data/20190815_LLN27/05_HIP/05_HIP_cerebrum_sagittal_slide_89.png,in/brain_data/20190815_LLN27/05_HIP/05_HIP_cerebrum_sagittal_slide_90.png,in/brain_data/20190815_LLN27/05_HIP/05_HIP_cerebrum_sagittal_slide_91.png,in/brain_data/20190815_LLN27/05_HIP/05_HIP_manual_sagittal_slide_87.png,in/brain_data/20190815_LLN27/05_HIP/05_HIP_manual_sagittal_slide_88.png,in/brain_data/20190815_LLN27/05_HIP/05_HIP_manual_sagittal_slide_89.png,in/brain_data/20190815_LLN27/05_HIP/05_HIP_manual_sagittal_slide_90.png,in/brain_data/20190815_LLN27/05_HIP/05_HIP_manual_sagittal_slide_91.png
Please focus on inner (with WM) on outer GM boundaries,in/brain_data/20190815_LLN27/05_HIP/05_HIP_anat_sagittal_slide_87.png,in/brain_data/20190815_LLN27/05_HIP/05_HIP_anat_sagittal_slide_88.png,in/brain_data/20190815_LLN27/05_HIP/05_HIP_anat_sagittal_slide_89.png,in/brain_data/20190815_LLN27/05_HIP/05_HIP_anat_sagittal_slide_90.png,in/brain_data/20190815_LLN27/05_HIP/05_HIP_anat_sagittal_slide_91.png,in/brain_data/20190815_LLN27/05_HIP/05_HIP_GT_sagittal_slide_87.png,in/brain_data/20190815_LLN27/05_HIP/05_HIP_GT_sagittal_slide_88.png,in/brain_data/20190815_LLN27/05_HIP/05_HIP_GT_sagittal_slide_89.png,in/brain_data/20190815_LLN27/05_HIP/05_HIP_GT_sagittal_slide_90.png,in/brain_data/20190815_LLN27/05_HIP/05_HIP_GT_sagittal_slide_91.png,in/brain_data/20190815_LLN27/05_HIP/05_HIP_manual_sagittal_slide_87.png,in/brain_data/20190815_LLN27/05_HIP/05_HIP_manual_sagittal_slide_88.png,in/brain_data/20190815_LLN27/05_HIP/05_HIP_manual_sagittal_slide_89.png,in/brain_data/20190815_LLN27/05_HIP/05_HIP_manual_sagittal_slide_90.png,in/brain_data/20190815_LLN27/05_HIP/05_HIP_manual_sagittal_slide_91.png
Please focus on inner (with WM) on outer GM boundaries,in/brain_data/20190815_LLN27/06_EAC/06_EAC_anat_coronal_slide_165.png,in/brain_data/20190815_LLN27/06_EAC/06_EAC_anat_coronal_slide_166.png,in/brain_data/20190815_LLN27/06_EAC/06_EAC_anat_coronal_slide_167.png,in/brain_data/20190815_LLN27/06_EAC/06_EAC_anat_coronal_slide_168.png,in/brain_data/20190815_LLN27/06_EAC/06_EAC_anat_coronal_slide_169.png,in/brain_data/20190815_LLN27/06_EAC/06_EAC_GT_coronal_slide_165.png,in/brain_data/20190815_LLN27/06_EAC/06_EAC_GT_coronal_slide_166.png,in/brain_data/20190815_LLN27/06_EAC/06_EAC_GT_coronal_slide_167.png,in/brain_data/20190815_LLN27/06_EAC/06_EAC_GT_coronal_slide_168.png,in/brain_data/20190815_LLN27/06_EAC/06_EAC_GT_coronal_slide_169.png,in/brain_data/20190815_LLN27/06_EAC/06_EAC_cerebrum_coronal_slide_165.png,in/brain_data/20190815_LLN27/06_EAC/06_EAC_cerebrum_coronal_slide_166.png,in/brain_data/20190815_LLN27/06_EAC/06_EAC_cerebrum_coronal_slide_167.png,in/brain_data/20190815_LLN27/06_EAC/06_EAC_cerebrum_coronal_slide_168.png,in/brain_data/20190815_LLN27/06_EAC/06_EAC_cerebrum_coronal_slide_169.png
Please focus on inner (with WM) on outer GM boundaries,in/brain_data/20190815_LLN27/06_EAC/06_EAC_anat_coronal_slide_165.png,in/brain_data/20190815_LLN27/06_EAC/06_EAC_anat_coronal_slide_166.png,in/brain_data/20190815_LLN27/06_EAC/06_EAC_anat_coronal_slide_167.png,in/brain_data/20190815_LLN27/06_EAC/06_EAC_anat_coronal_slide_168.png,in/brain_data/20190815_LLN27/06_EAC/06_EAC_anat_coronal_slide_169.png,in/brain_data/20190815_LLN27/06_EAC/06_EAC_cerebrum_coronal_slide_165.png,in/brain_data/20190815_LLN27/06_EAC/06_EAC_cerebrum_coronal_slide_166.png,in/brain_data/20190815_LLN27/06_EAC/06_EAC_cerebrum_coronal_slide_167.png,in/brain_data/20190815_LLN27/06_EAC/06_EAC_cerebrum_coronal_slide_168.png,in/brain_data/20190815_LLN27/06_EAC/06_EAC_cerebrum_coronal_slide_169.png,in/brain_data/20190815_LLN27/06_EAC/06_EAC_manual_coronal_slide_165.png,in/brain_data/20190815_LLN27/06_EAC/06_EAC_manual_coronal_slide_166.png,in/brain_data/20190815_LLN27/06_EAC/06_EAC_manual_coronal_slide_167.png,in/brain_data/20190815_LLN27/06_EAC/06_EAC_manual_coronal_slide_168.png,in/brain_data/20190815_LLN27/06_EAC/06_EAC_manual_coronal_slide_169.png
Please focus on inner (with WM) on outer GM boundaries,in/brain_data/20190815_LLN27/06_EAC/06_EAC_anat_coronal_slide_165.png,in/brain_data/20190815_LLN27/06_EAC/06_EAC_anat_coronal_slide_166.png,in/brain_data/20190815_LLN27/06_EAC/06_EAC_anat_coronal_slide_167.png,in/brain_data/20190815_LLN27/06_EAC/06_EAC_anat_coronal_slide_168.png,in/brain_data/20190815_LLN27/06_EAC/06_EAC_anat_coronal_slide_169.png,in/brain_data/20190815_LLN27/06_EAC/06_EAC_GT_coronal_slide_165.png,in/brain_data/20190815_LLN27/06_EAC/06_EAC_GT_coronal_slide_166.png,in/brain_data/20190815_LLN27/06_EAC/06_EAC_GT_coronal_slide_167.png,in/brain_data/20190815_LLN27/06_EAC/06_EAC_GT_coronal_slide_168.png,in/brain_data/20190815_LLN27/06_EAC/06_EAC_GT_coronal_slide_169.png,in/brain_data/20190815_LLN27/06_EAC/06_EAC_manual_coronal_slide_165.png,in/brain_data/20190815_LLN27/06_EAC/06_EAC_manual_coronal_slide_166.png,in/brain_data/20190815_LLN27/06_EAC/06_EAC_manual_coronal_slide_167.png,in/brain_data/20190815_LLN27/06_EAC/06_EAC_manual_coronal_slide_168.png,in/brain_data/20190815_LLN27/06_EAC/06_EAC_manual_coronal_slide_169.png
Please focus on brainstem and ventricles,in/brain_data/20190815_LLN27/07_BST/07_BST_anat_sagittal_slide_118.png,in/brain_data/20190815_LLN27/07_BST/07_BST_anat_sagittal_slide_119.png,in/brain_data/20190815_LLN27/07_BST/07_BST_anat_sagittal_slide_120.png,in/brain_data/20190815_LLN27/07_BST/07_BST_anat_sagittal_slide_121.png,in/brain_data/20190815_LLN27/07_BST/07_BST_anat_sagittal_slide_122.png,in/brain_data/20190815_LLN27/07_BST/07_BST_cerebrum_sagittal_slide_118.png,in/brain_data/20190815_LLN27/07_BST/07_BST_cerebrum_sagittal_slide_119.png,in/brain_data/20190815_LLN27/07_BST/07_BST_cerebrum_sagittal_slide_120.png,in/brain_data/20190815_LLN27/07_BST/07_BST_cerebrum_sagittal_slide_121.png,in/brain_data/20190815_LLN27/07_BST/07_BST_cerebrum_sagittal_slide_122.png,in/brain_data/20190815_LLN27/07_BST/07_BST_GT_sagittal_slide_118.png,in/brain_data/20190815_LLN27/07_BST/07_BST_GT_sagittal_slide_119.png,in/brain_data/20190815_LLN27/07_BST/07_BST_GT_sagittal_slide_120.png,in/brain_data/20190815_LLN27/07_BST/07_BST_GT_sagittal_slide_121.png,in/brain_data/20190815_LLN27/07_BST/07_BST_GT_sagittal_slide_122.png
Please focus on brainstem and ventricles,in/brain_data/20190815_LLN27/07_BST/07_BST_anat_sagittal_slide_118.png,in/brain_data/20190815_LLN27/07_BST/07_BST_anat_sagittal_slide_119.png,in/brain_data/20190815_LLN27/07_BST/07_BST_anat_sagittal_slide_120.png,in/brain_data/20190815_LLN27/07_BST/07_BST_anat_sagittal_slide_121.png,in/brain_data/20190815_LLN27/07_BST/07_BST_anat_sagittal_slide_122.png,in/brain_data/20190815_LLN27/07_BST/07_BST_manual_sagittal_slide_118.png,in/brain_data/20190815_LLN27/07_BST/07_BST_manual_sagittal_slide_119.png,in/brain_data/20190815_LLN27/07_BST/07_BST_manual_sagittal_slide_120.png,in/brain_data/20190815_LLN27/07_BST/07_BST_manual_sagittal_slide_121.png,in/brain_data/20190815_LLN27/07_BST/07_BST_manual_sagittal_slide_122.png,in/brain_data/20190815_LLN27/07_BST/07_BST_cerebrum_sagittal_slide_118.png,in/brain_data/20190815_LLN27/07_BST/07_BST_cerebrum_sagittal_slide_119.png,in/brain_data/20190815_LLN27/07_BST/07_BST_cerebrum_sagittal_slide_120.png,in/brain_data/20190815_LLN27/07_BST/07_BST_cerebrum_sagittal_slide_121.png,in/brain_data/20190815_LLN27/07_BST/07_BST_cerebrum_sagittal_slide_122.png
Please focus on brainstem and ventricles,in/brain_data/20190815_LLN27/07_BST/07_BST_anat_sagittal_slide_118.png,in/brain_data/20190815_LLN27/07_BST/07_BST_anat_sagittal_slide_119.png,in/brain_data/20190815_LLN27/07_BST/07_BST_anat_sagittal_slide_120.png,in/brain_data/20190815_LLN27/07_BST/07_BST_anat_sagittal_slide_121.png,in/brain_data/20190815_LLN27/07_BST/07_BST_anat_sagittal_slide_122.png,in/brain_data/20190815_LLN27/07_BST/07_BST_manual_sagittal_slide_118.png,in/brain_data/20190815_LLN27/07_BST/07_BST_manual_sagittal_slide_119.png,in/brain_data/20190815_LLN27/07_BST/07_BST_manual_sagittal_slide_120.png,in/brain_data/20190815_LLN27/07_BST/07_BST_manual_sagittal_slide_121.png,in/brain_data/20190815_LLN27/07_BST/07_BST_manual_sagittal_slide_122.png,in/brain_data/20190815_LLN27/07_BST/07_BST_GT_sagittal_slide_118.png,in/brain_data/20190815_LLN27/07_BST/07_BST_GT_sagittal_slide_119.png,in/brain_data/20190815_LLN27/07_BST/07_BST_GT_sagittal_slide_120.png,in/brain_data/20190815_LLN27/07_BST/07_BST_GT_sagittal_slide_121.png,in/brain_data/20190815_LLN27/07_BST/07_BST_GT_sagittal_slide_122.png
Please focus on basal ganglia and WM and ventricles,in/brain_data/20190815_LLN27/08_BGA/08_BGA_anat_axial_slide_91.png,in/brain_data/20190815_LLN27/08_BGA/08_BGA_anat_axial_slide_92.png,in/brain_data/20190815_LLN27/08_BGA/08_BGA_anat_axial_slide_93.png,in/brain_data/20190815_LLN27/08_BGA/08_BGA_anat_axial_slide_94.png,in/brain_data/20190815_LLN27/08_BGA/08_BGA_anat_axial_slide_95.png,in/brain_data/20190815_LLN27/08_BGA/08_BGA_cerebrum_axial_slide_91.png,in/brain_data/20190815_LLN27/08_BGA/08_BGA_cerebrum_axial_slide_92.png,in/brain_data/20190815_LLN27/08_BGA/08_BGA_cerebrum_axial_slide_93.png,in/brain_data/20190815_LLN27/08_BGA/08_BGA_cerebrum_axial_slide_94.png,in/brain_data/20190815_LLN27/08_BGA/08_BGA_cerebrum_axial_slide_95.png,in/brain_data/20190815_LLN27/08_BGA/08_BGA_GT_axial_slide_91.png,in/brain_data/20190815_LLN27/08_BGA/08_BGA_GT_axial_slide_92.png,in/brain_data/20190815_LLN27/08_BGA/08_BGA_GT_axial_slide_93.png,in/brain_data/20190815_LLN27/08_BGA/08_BGA_GT_axial_slide_94.png,in/brain_data/20190815_LLN27/08_BGA/08_BGA_GT_axial_slide_95.png
Please focus on basal ganglia and WM and ventricles,in/brain_data/20190815_LLN27/08_BGA/08_BGA_anat_axial_slide_91.png,in/brain_data/20190815_LLN27/08_BGA/08_BGA_anat_axial_slide_92.png,in/brain_data/20190815_LLN27/08_BGA/08_BGA_anat_axial_slide_93.png,in/brain_data/20190815_LLN27/08_BGA/08_BGA_anat_axial_slide_94.png,in/brain_data/20190815_LLN27/08_BGA/08_BGA_anat_axial_slide_95.png,in/brain_data/20190815_LLN27/08_BGA/08_BGA_cerebrum_axial_slide_91.png,in/brain_data/20190815_LLN27/08_BGA/08_BGA_cerebrum_axial_slide_92.png,in/brain_data/20190815_LLN27/08_BGA/08_BGA_cerebrum_axial_slide_93.png,in/brain_data/20190815_LLN27/08_BGA/08_BGA_cerebrum_axial_slide_94.png,in/brain_data/20190815_LLN27/08_BGA/08_BGA_cerebrum_axial_slide_95.png,in/brain_data/20190815_LLN27/08_BGA/08_BGA_manual_axial_slide_91.png,in/brain_data/20190815_LLN27/08_BGA/08_BGA_manual_axial_slide_92.png,in/brain_data/20190815_LLN27/08_BGA/08_BGA_manual_axial_slide_93.png,in/brain_data/20190815_LLN27/08_BGA/08_BGA_manual_axial_slide_94.png,in/brain_data/20190815_LLN27/08_BGA/08_BGA_manual_axial_slide_95.png
Please focus on basal ganglia and WM and ventricles,in/brain_data/20190815_LLN27/08_BGA/08_BGA_anat_axial_slide_91.png,in/brain_data/20190815_LLN27/08_BGA/08_BGA_anat_axial_slide_92.png,in/brain_data/20190815_LLN27/08_BGA/08_BGA_anat_axial_slide_93.png,in/brain_data/20190815_LLN27/08_BGA/08_BGA_anat_axial_slide_94.png,in/brain_data/20190815_LLN27/08_BGA/08_BGA_anat_axial_slide_95.png,in/brain_data/20190815_LLN27/08_BGA/08_BGA_manual_axial_slide_91.png,in/brain_data/20190815_LLN27/08_BGA/08_BGA_manual_axial_slide_92.png,in/brain_data/20190815_LLN27/08_BGA/08_BGA_manual_axial_slide_93.png,in/brain_data/20190815_LLN27/08_BGA/08_BGA_manual_axial_slide_94.png,in/brain_data/20190815_LLN27/08_BGA/08_BGA_manual_axial_slide_95.png,in/brain_data/20190815_LLN27/08_BGA/08_BGA_GT_axial_slide_91.png,in/brain_data/20190815_LLN27/08_BGA/08_BGA_GT_axial_slide_92.png,in/brain_data/20190815_LLN27/08_BGA/08_BGA_GT_axial_slide_93.png,in/brain_data/20190815_LLN27/08_BGA/08_BGA_GT_axial_slide_94.png,in/brain_data/20190815_LLN27/08_BGA/08_BGA_GT_axial_slide_95.png
Please focus on inner (with WM) on outer GM boundaries,in/brain_data/20190824_KAH27/01_EVC/01_EVC_anat_axial_slide_98.png,in/brain_data/20190824_KAH27/01_EVC/01_EVC_anat_axial_slide_99.png,in/brain_data/20190824_KAH27/01_EVC/01_EVC_anat_axial_slide_100.png,in/brain_data/20190824_KAH27/01_EVC/01_EVC_anat_axial_slide_101.png,in/brain_data/20190824_KAH27/01_EVC/01_EVC_anat_axial_slide_102.png,in/brain_data/20190824_KAH27/01_EVC/01_EVC_cerebrum_axial_slide_98.png,in/brain_data/20190824_KAH27/01_EVC/01_EVC_cerebrum_axial_slide_99.png,in/brain_data/20190824_KAH27/01_EVC/01_EVC_cerebrum_axial_slide_100.png,in/brain_data/20190824_KAH27/01_EVC/01_EVC_cerebrum_axial_slide_101.png,in/brain_data/20190824_KAH27/01_EVC/01_EVC_cerebrum_axial_slide_102.png,in/brain_data/20190824_KAH27/01_EVC/01_EVC_GT_axial_slide_98.png,in/brain_data/20190824_KAH27/01_EVC/01_EVC_GT_axial_slide_99.png,in/brain_data/20190824_KAH27/01_EVC/01_EVC_GT_axial_slide_100.png,in/brain_data/20190824_KAH27/01_EVC/01_EVC_GT_axial_slide_101.png,in/brain_data/20190824_KAH27/01_EVC/01_EVC_GT_axial_slide_102.png
Please focus on inner (with WM) on outer GM boundaries,in/brain_data/20190824_KAH27/01_EVC/01_EVC_anat_axial_slide_98.png,in/brain_data/20190824_KAH27/01_EVC/01_EVC_anat_axial_slide_99.png,in/brain_data/20190824_KAH27/01_EVC/01_EVC_anat_axial_slide_100.png,in/brain_data/20190824_KAH27/01_EVC/01_EVC_anat_axial_slide_101.png,in/brain_data/20190824_KAH27/01_EVC/01_EVC_anat_axial_slide_102.png,in/brain_data/20190824_KAH27/01_EVC/01_EVC_manual_axial_slide_98.png,in/brain_data/20190824_KAH27/01_EVC/01_EVC_manual_axial_slide_99.png,in/brain_data/20190824_KAH27/01_EVC/01_EVC_manual_axial_slide_100.png,in/brain_data/20190824_KAH27/01_EVC/01_EVC_manual_axial_slide_101.png,in/brain_data/20190824_KAH27/01_EVC/01_EVC_manual_axial_slide_102.png,in/brain_data/20190824_KAH27/01_EVC/01_EVC_cerebrum_axial_slide_98.png,in/brain_data/20190824_KAH27/01_EVC/01_EVC_cerebrum_axial_slide_99.png,in/brain_data/20190824_KAH27/01_EVC/01_EVC_cerebrum_axial_slide_100.png,in/brain_data/20190824_KAH27/01_EVC/01_EVC_cerebrum_axial_slide_101.png,in/brain_data/20190824_KAH27/01_EVC/01_EVC_cerebrum_axial_slide_102.png
Please focus on inner (with WM) on outer GM boundaries,in/brain_data/20190824_KAH27/01_EVC/01_EVC_anat_axial_slide_98.png,in/brain_data/20190824_KAH27/01_EVC/01_EVC_anat_axial_slide_99.png,in/brain_data/20190824_KAH27/01_EVC/01_EVC_anat_axial_slide_100.png,in/brain_data/20190824_KAH27/01_EVC/01_EVC_anat_axial_slide_101.png,in/brain_data/20190824_KAH27/01_EVC/01_EVC_anat_axial_slide_102.png,in/brain_data/20190824_KAH27/01_EVC/01_EVC_manual_axial_slide_98.png,in/brain_data/20190824_KAH27/01_EVC/01_EVC_manual_axial_slide_99.png,in/brain_data/20190824_KAH27/01_EVC/01_EVC_manual_axial_slide_100.png,in/brain_data/20190824_KAH27/01_EVC/01_EVC_manual_axial_slide_101.png,in/brain_data/20190824_KAH27/01_EVC/01_EVC_manual_axial_slide_102.png,in/brain_data/20190824_KAH27/01_EVC/01_EVC_GT_axial_slide_98.png,in/brain_data/20190824_KAH27/01_EVC/01_EVC_GT_axial_slide_99.png,in/brain_data/20190824_KAH27/01_EVC/01_EVC_GT_axial_slide_100.png,in/brain_data/20190824_KAH27/01_EVC/01_EVC_GT_axial_slide_101.png,in/brain_data/20190824_KAH27/01_EVC/01_EVC_GT_axial_slide_102.png
Please focus on inner (with WM) on outer GM boundaries,in/brain_data/20190824_KAH27/02_HVC/02_HVC_anat_axial_slide_49.png,in/brain_data/20190824_KAH27/02_HVC/02_HVC_anat_axial_slide_50.png,in/brain_data/20190824_KAH27/02_HVC/02_HVC_anat_axial_slide_51.png,in/brain_data/20190824_KAH27/02_HVC/02_HVC_anat_axial_slide_52.png,in/brain_data/20190824_KAH27/02_HVC/02_HVC_anat_axial_slide_53.png,in/brain_data/20190824_KAH27/02_HVC/02_HVC_GT_axial_slide_49.png,in/brain_data/20190824_KAH27/02_HVC/02_HVC_GT_axial_slide_50.png,in/brain_data/20190824_KAH27/02_HVC/02_HVC_GT_axial_slide_51.png,in/brain_data/20190824_KAH27/02_HVC/02_HVC_GT_axial_slide_52.png,in/brain_data/20190824_KAH27/02_HVC/02_HVC_GT_axial_slide_53.png,in/brain_data/20190824_KAH27/02_HVC/02_HVC_cerebrum_axial_slide_49.png,in/brain_data/20190824_KAH27/02_HVC/02_HVC_cerebrum_axial_slide_50.png,in/brain_data/20190824_KAH27/02_HVC/02_HVC_cerebrum_axial_slide_51.png,in/brain_data/20190824_KAH27/02_HVC/02_HVC_cerebrum_axial_slide_52.png,in/brain_data/20190824_KAH27/02_HVC/02_HVC_cerebrum_axial_slide_53.png
Please focus on inner (with WM) on outer GM boundaries,in/brain_data/20190824_KAH27/02_HVC/02_HVC_anat_axial_slide_49.png,in/brain_data/20190824_KAH27/02_HVC/02_HVC_anat_axial_slide_50.png,in/brain_data/20190824_KAH27/02_HVC/02_HVC_anat_axial_slide_51.png,in/brain_data/20190824_KAH27/02_HVC/02_HVC_anat_axial_slide_52.png,in/brain_data/20190824_KAH27/02_HVC/02_HVC_anat_axial_slide_53.png,in/brain_data/20190824_KAH27/02_HVC/02_HVC_manual_axial_slide_49.png,in/brain_data/20190824_KAH27/02_HVC/02_HVC_manual_axial_slide_50.png,in/brain_data/20190824_KAH27/02_HVC/02_HVC_manual_axial_slide_51.png,in/brain_data/20190824_KAH27/02_HVC/02_HVC_manual_axial_slide_52.png,in/brain_data/20190824_KAH27/02_HVC/02_HVC_manual_axial_slide_53.png,in/brain_data/20190824_KAH27/02_HVC/02_HVC_cerebrum_axial_slide_49.png,in/brain_data/20190824_KAH27/02_HVC/02_HVC_cerebrum_axial_slide_50.png,in/brain_data/20190824_KAH27/02_HVC/02_HVC_cerebrum_axial_slide_51.png,in/brain_data/20190824_KAH27/02_HVC/02_HVC_cerebrum_axial_slide_52.png,in/brain_data/20190824_KAH27/02_HVC/02_HVC_cerebrum_axial_slide_53.png
Please focus on inner (with WM) on outer GM boundaries,in/brain_data/20190824_KAH27/02_HVC/02_HVC_anat_axial_slide_49.png,in/brain_data/20190824_KAH27/02_HVC/02_HVC_anat_axial_slide_50.png,in/brain_data/20190824_KAH27/02_HVC/02_HVC_anat_axial_slide_51.png,in/brain_data/20190824_KAH27/02_HVC/02_HVC_anat_axial_slide_52.png,in/brain_data/20190824_KAH27/02_HVC/02_HVC_anat_axial_slide_53.png,in/brain_data/20190824_KAH27/02_HVC/02_HVC_manual_axial_slide_49.png,in/brain_data/20190824_KAH27/02_HVC/02_HVC_manual_axial_slide_50.png,in/brain_data/20190824_KAH27/02_HVC/02_HVC_manual_axial_slide_51.png,in/brain_data/20190824_KAH27/02_HVC/02_HVC_manual_axial_slide_52.png,in/brain_data/20190824_KAH27/02_HVC/02_HVC_manual_axial_slide_53.png,in/brain_data/20190824_KAH27/02_HVC/02_HVC_GT_axial_slide_49.png,in/brain_data/20190824_KAH27/02_HVC/02_HVC_GT_axial_slide_50.png,in/brain_data/20190824_KAH27/02_HVC/02_HVC_GT_axial_slide_51.png,in/brain_data/20190824_KAH27/02_HVC/02_HVC_GT_axial_slide_52.png,in/brain_data/20190824_KAH27/02_HVC/02_HVC_GT_axial_slide_53.png
Please focus on inner (with WM) on outer GM boundaries,in/brain_data/20190824_KAH27/03_MCX/03_MCX_anat_sagittal_slide_114.png,in/brain_data/20190824_KAH27/03_MCX/03_MCX_anat_sagittal_slide_115.png,in/brain_data/20190824_KAH27/03_MCX/03_MCX_anat_sagittal_slide_116.png,in/brain_data/20190824_KAH27/03_MCX/03_MCX_anat_sagittal_slide_117.png,in/brain_data/20190824_KAH27/03_MCX/03_MCX_anat_sagittal_slide_118.png,in/brain_data/20190824_KAH27/03_MCX/03_MCX_cerebrum_sagittal_slide_114.png,in/brain_data/20190824_KAH27/03_MCX/03_MCX_cerebrum_sagittal_slide_115.png,in/brain_data/20190824_KAH27/03_MCX/03_MCX_cerebrum_sagittal_slide_116.png,in/brain_data/20190824_KAH27/03_MCX/03_MCX_cerebrum_sagittal_slide_117.png,in/brain_data/20190824_KAH27/03_MCX/03_MCX_cerebrum_sagittal_slide_118.png,in/brain_data/20190824_KAH27/03_MCX/03_MCX_GT_sagittal_slide_114.png,in/brain_data/20190824_KAH27/03_MCX/03_MCX_GT_sagittal_slide_115.png,in/brain_data/20190824_KAH27/03_MCX/03_MCX_GT_sagittal_slide_116.png,in/brain_data/20190824_KAH27/03_MCX/03_MCX_GT_sagittal_slide_117.png,in/brain_data/20190824_KAH27/03_MCX/03_MCX_GT_sagittal_slide_118.png
Please focus on inner (with WM) on outer GM boundaries,in/brain_data/20190824_KAH27/03_MCX/03_MCX_anat_sagittal_slide_114.png,in/brain_data/20190824_KAH27/03_MCX/03_MCX_anat_sagittal_slide_115.png,in/brain_data/20190824_KAH27/03_MCX/03_MCX_anat_sagittal_slide_116.png,in/brain_data/20190824_KAH27/03_MCX/03_MCX_anat_sagittal_slide_117.png,in/brain_data/20190824_KAH27/03_MCX/03_MCX_anat_sagittal_slide_118.png,in/brain_data/20190824_KAH27/03_MCX/03_MCX_manual_sagittal_slide_114.png,in/brain_data/20190824_KAH27/03_MCX/03_MCX_manual_sagittal_slide_115.png,in/brain_data/20190824_KAH27/03_MCX/03_MCX_manual_sagittal_slide_116.png,in/brain_data/20190824_KAH27/03_MCX/03_MCX_manual_sagittal_slide_117.png,in/brain_data/20190824_KAH27/03_MCX/03_MCX_manual_sagittal_slide_118.png,in/brain_data/20190824_KAH27/03_MCX/03_MCX_cerebrum_sagittal_slide_114.png,in/brain_data/20190824_KAH27/03_MCX/03_MCX_cerebrum_sagittal_slide_115.png,in/brain_data/20190824_KAH27/03_MCX/03_MCX_cerebrum_sagittal_slide_116.png,in/brain_data/20190824_KAH27/03_MCX/03_MCX_cerebrum_sagittal_slide_117.png,in/brain_data/20190824_KAH27/03_MCX/03_MCX_cerebrum_sagittal_slide_118.png
Please focus on inner (with WM) on outer GM boundaries,in/brain_data/20190824_KAH27/03_MCX/03_MCX_anat_sagittal_slide_114.png,in/brain_data/20190824_KAH27/03_MCX/03_MCX_anat_sagittal_slide_115.png,in/brain_data/20190824_KAH27/03_MCX/03_MCX_anat_sagittal_slide_116.png,in/brain_data/20190824_KAH27/03_MCX/03_MCX_anat_sagittal_slide_117.png,in/brain_data/20190824_KAH27/03_MCX/03_MCX_anat_sagittal_slide_118.png,in/brain_data/20190824_KAH27/03_MCX/03_MCX_GT_sagittal_slide_114.png,in/brain_data/20190824_KAH27/03_MCX/03_MCX_GT_sagittal_slide_115.png,in/brain_data/20190824_KAH27/03_MCX/03_MCX_GT_sagittal_slide_116.png,in/brain_data/20190824_KAH27/03_MCX/03_MCX_GT_sagittal_slide_117.png,in/brain_data/20190824_KAH27/03_MCX/03_MCX_GT_sagittal_slide_118.png,in/brain_data/20190824_KAH27/03_MCX/03_MCX_manual_sagittal_slide_114.png,in/brain_data/20190824_KAH27/03_MCX/03_MCX_manual_sagittal_slide_115.png,in/brain_data/20190824_KAH27/03_MCX/03_MCX_manual_sagittal_slide_116.png,in/brain_data/20190824_KAH27/03_MCX/03_MCX_manual_sagittal_slide_117.png,in/brain_data/20190824_KAH27/03_MCX/03_MCX_manual_sagittal_slide_118.png
Please focus on cerebellum,in/brain_data/20190824_KAH27/04_CER/04_CER_anat_axial_slide_58.png,in/brain_data/20190824_KAH27/04_CER/04_CER_anat_axial_slide_59.png,in/brain_data/20190824_KAH27/04_CER/04_CER_anat_axial_slide_60.png,in/brain_data/20190824_KAH27/04_CER/04_CER_anat_axial_slide_61.png,in/brain_data/20190824_KAH27/04_CER/04_CER_anat_axial_slide_62.png,in/brain_data/20190824_KAH27/04_CER/04_CER_cerebrum_axial_slide_58.png,in/brain_data/20190824_KAH27/04_CER/04_CER_cerebrum_axial_slide_59.png,in/brain_data/20190824_KAH27/04_CER/04_CER_cerebrum_axial_slide_60.png,in/brain_data/20190824_KAH27/04_CER/04_CER_cerebrum_axial_slide_61.png,in/brain_data/20190824_KAH27/04_CER/04_CER_cerebrum_axial_slide_62.png,in/brain_data/20190824_KAH27/04_CER/04_CER_GT_axial_slide_58.png,in/brain_data/20190824_KAH27/04_CER/04_CER_GT_axial_slide_59.png,in/brain_data/20190824_KAH27/04_CER/04_CER_GT_axial_slide_60.png,in/brain_data/20190824_KAH27/04_CER/04_CER_GT_axial_slide_61.png,in/brain_data/20190824_KAH27/04_CER/04_CER_GT_axial_slide_62.png
Please focus on cerebellum,in/brain_data/20190824_KAH27/04_CER/04_CER_anat_axial_slide_58.png,in/brain_data/20190824_KAH27/04_CER/04_CER_anat_axial_slide_59.png,in/brain_data/20190824_KAH27/04_CER/04_CER_anat_axial_slide_60.png,in/brain_data/20190824_KAH27/04_CER/04_CER_anat_axial_slide_61.png,in/brain_data/20190824_KAH27/04_CER/04_CER_anat_axial_slide_62.png,in/brain_data/20190824_KAH27/04_CER/04_CER_manual_axial_slide_58.png,in/brain_data/20190824_KAH27/04_CER/04_CER_manual_axial_slide_59.png,in/brain_data/20190824_KAH27/04_CER/04_CER_manual_axial_slide_60.png,in/brain_data/20190824_KAH27/04_CER/04_CER_manual_axial_slide_61.png,in/brain_data/20190824_KAH27/04_CER/04_CER_manual_axial_slide_62.png,in/brain_data/20190824_KAH27/04_CER/04_CER_cerebrum_axial_slide_58.png,in/brain_data/20190824_KAH27/04_CER/04_CER_cerebrum_axial_slide_59.png,in/brain_data/20190824_KAH27/04_CER/04_CER_cerebrum_axial_slide_60.png,in/brain_data/20190824_KAH27/04_CER/04_CER_cerebrum_axial_slide_61.png,in/brain_data/20190824_KAH27/04_CER/04_CER_cerebrum_axial_slide_62.png
Please focus on cerebellum,in/brain_data/20190824_KAH27/04_CER/04_CER_anat_axial_slide_58.png,in/brain_data/20190824_KAH27/04_CER/04_CER_anat_axial_slide_59.png,in/brain_data/20190824_KAH27/04_CER/04_CER_anat_axial_slide_60.png,in/brain_data/20190824_KAH27/04_CER/04_CER_anat_axial_slide_61.png,in/brain_data/20190824_KAH27/04_CER/04_CER_anat_axial_slide_62.png,in/brain_data/20190824_KAH27/04_CER/04_CER_manual_axial_slide_58.png,in/brain_data/20190824_KAH27/04_CER/04_CER_manual_axial_slide_59.png,in/brain_data/20190824_KAH27/04_CER/04_CER_manual_axial_slide_60.png,in/brain_data/20190824_KAH27/04_CER/04_CER_manual_axial_slide_61.png,in/brain_data/20190824_KAH27/04_CER/04_CER_manual_axial_slide_62.png,in/brain_data/20190824_KAH27/04_CER/04_CER_GT_axial_slide_58.png,in/brain_data/20190824_KAH27/04_CER/04_CER_GT_axial_slide_59.png,in/brain_data/20190824_KAH27/04_CER/04_CER_GT_axial_slide_60.png,in/brain_data/20190824_KAH27/04_CER/04_CER_GT_axial_slide_61.png,in/brain_data/20190824_KAH27/04_CER/04_CER_GT_axial_slide_62.png
Please focus on inner (with WM) on outer GM boundaries,in/brain_data/20190824_KAH27/05_HIP/05_HIP_anat_sagittal_slide_80.png,in/brain_data/20190824_KAH27/05_HIP/05_HIP_anat_sagittal_slide_81.png,in/brain_data/20190824_KAH27/05_HIP/05_HIP_anat_sagittal_slide_82.png,in/brain_data/20190824_KAH27/05_HIP/05_HIP_anat_sagittal_slide_83.png,in/brain_data/20190824_KAH27/05_HIP/05_HIP_anat_sagittal_slide_84.png,in/brain_data/20190824_KAH27/05_HIP/05_HIP_GT_sagittal_slide_80.png,in/brain_data/20190824_KAH27/05_HIP/05_HIP_GT_sagittal_slide_81.png,in/brain_data/20190824_KAH27/05_HIP/05_HIP_GT_sagittal_slide_82.png,in/brain_data/20190824_KAH27/05_HIP/05_HIP_GT_sagittal_slide_83.png,in/brain_data/20190824_KAH27/05_HIP/05_HIP_GT_sagittal_slide_84.png,in/brain_data/20190824_KAH27/05_HIP/05_HIP_cerebrum_sagittal_slide_80.png,in/brain_data/20190824_KAH27/05_HIP/05_HIP_cerebrum_sagittal_slide_81.png,in/brain_data/20190824_KAH27/05_HIP/05_HIP_cerebrum_sagittal_slide_82.png,in/brain_data/20190824_KAH27/05_HIP/05_HIP_cerebrum_sagittal_slide_83.png,in/brain_data/20190824_KAH27/05_HIP/05_HIP_cerebrum_sagittal_slide_84.png
Please focus on inner (with WM) on outer GM boundaries,in/brain_data/20190824_KAH27/05_HIP/05_HIP_anat_sagittal_slide_80.png,in/brain_data/20190824_KAH27/05_HIP/05_HIP_anat_sagittal_slide_81.png,in/brain_data/20190824_KAH27/05_HIP/05_HIP_anat_sagittal_slide_82.png,in/brain_data/20190824_KAH27/05_HIP/05_HIP_anat_sagittal_slide_83.png,in/brain_data/20190824_KAH27/05_HIP/05_HIP_anat_sagittal_slide_84.png,in/brain_data/20190824_KAH27/05_HIP/05_HIP_cerebrum_sagittal_slide_80.png,in/brain_data/20190824_KAH27/05_HIP/05_HIP_cerebrum_sagittal_slide_81.png,in/brain_data/20190824_KAH27/05_HIP/05_HIP_cerebrum_sagittal_slide_82.png,in/brain_data/20190824_KAH27/05_HIP/05_HIP_cerebrum_sagittal_slide_83.png,in/brain_data/20190824_KAH27/05_HIP/05_HIP_cerebrum_sagittal_slide_84.png,in/brain_data/20190824_KAH27/05_HIP/05_HIP_manual_sagittal_slide_80.png,in/brain_data/20190824_KAH27/05_HIP/05_HIP_manual_sagittal_slide_81.png,in/brain_data/20190824_KAH27/05_HIP/05_HIP_manual_sagittal_slide_82.png,in/brain_data/20190824_KAH27/05_HIP/05_HIP_manual_sagittal_slide_83.png,in/brain_data/20190824_KAH27/05_HIP/05_HIP_manual_sagittal_slide_84.png
Please focus on inner (with WM) on outer GM boundaries,in/brain_data/20190824_KAH27/05_HIP/05_HIP_anat_sagittal_slide_80.png,in/brain_data/20190824_KAH27/05_HIP/05_HIP_anat_sagittal_slide_81.png,in/brain_data/20190824_KAH27/05_HIP/05_HIP_anat_sagittal_slide_82.png,in/brain_data/20190824_KAH27/05_HIP/05_HIP_anat_sagittal_slide_83.png,in/brain_data/20190824_KAH27/05_HIP/05_HIP_anat_sagittal_slide_84.png,in/brain_data/20190824_KAH27/05_HIP/05_HIP_manual_sagittal_slide_80.png,in/brain_data/20190824_KAH27/05_HIP/05_HIP_manual_sagittal_slide_81.png,in/brain_data/20190824_KAH27/05_HIP/05_HIP_manual_sagittal_slide_82.png,in/brain_data/20190824_KAH27/05_HIP/05_HIP_manual_sagittal_slide_83.png,in/brain_data/20190824_KAH27/05_HIP/05_HIP_manual_sagittal_slide_84.png,in/brain_data/20190824_KAH27/05_HIP/05_HIP_GT_sagittal_slide_80.png,in/brain_data/20190824_KAH27/05_HIP/05_HIP_GT_sagittal_slide_81.png,in/brain_data/20190824_KAH27/05_HIP/05_HIP_GT_sagittal_slide_82.png,in/brain_data/20190824_KAH27/05_HIP/05_HIP_GT_sagittal_slide_83.png,in/brain_data/20190824_KAH27/05_HIP/05_HIP_GT_sagittal_slide_84.png
Please focus on inner (with WM) on outer GM boundaries,in/brain_data/20190824_KAH27/06_EAC/06_EAC_anat_coronal_slide_175.png,in/brain_data/20190824_KAH27/06_EAC/06_EAC_anat_coronal_slide_176.png,in/brain_data/20190824_KAH27/06_EAC/06_EAC_anat_coronal_slide_177.png,in/brain_data/20190824_KAH27/06_EAC/06_EAC_anat_coronal_slide_178.png,in/brain_data/20190824_KAH27/06_EAC/06_EAC_anat_coronal_slide_179.png,in/brain_data/20190824_KAH27/06_EAC/06_EAC_GT_coronal_slide_175.png,in/brain_data/20190824_KAH27/06_EAC/06_EAC_GT_coronal_slide_176.png,in/brain_data/20190824_KAH27/06_EAC/06_EAC_GT_coronal_slide_177.png,in/brain_data/20190824_KAH27/06_EAC/06_EAC_GT_coronal_slide_178.png,in/brain_data/20190824_KAH27/06_EAC/06_EAC_GT_coronal_slide_179.png,in/brain_data/20190824_KAH27/06_EAC/06_EAC_cerebrum_coronal_slide_175.png,in/brain_data/20190824_KAH27/06_EAC/06_EAC_cerebrum_coronal_slide_176.png,in/brain_data/20190824_KAH27/06_EAC/06_EAC_cerebrum_coronal_slide_177.png,in/brain_data/20190824_KAH27/06_EAC/06_EAC_cerebrum_coronal_slide_178.png,in/brain_data/20190824_KAH27/06_EAC/06_EAC_cerebrum_coronal_slide_179.png
Please focus on inner (with WM) on outer GM boundaries,in/brain_data/20190824_KAH27/06_EAC/06_EAC_anat_coronal_slide_175.png,in/brain_data/20190824_KAH27/06_EAC/06_EAC_anat_coronal_slide_176.png,in/brain_data/20190824_KAH27/06_EAC/06_EAC_anat_coronal_slide_177.png,in/brain_data/20190824_KAH27/06_EAC/06_EAC_anat_coronal_slide_178.png,in/brain_data/20190824_KAH27/06_EAC/06_EAC_anat_coronal_slide_179.png,in/brain_data/20190824_KAH27/06_EAC/06_EAC_manual_coronal_slide_175.png,in/brain_data/20190824_KAH27/06_EAC/06_EAC_manual_coronal_slide_176.png,in/brain_data/20190824_KAH27/06_EAC/06_EAC_manual_coronal_slide_177.png,in/brain_data/20190824_KAH27/06_EAC/06_EAC_manual_coronal_slide_178.png,in/brain_data/20190824_KAH27/06_EAC/06_EAC_manual_coronal_slide_179.png,in/brain_data/20190824_KAH27/06_EAC/06_EAC_cerebrum_coronal_slide_175.png,in/brain_data/20190824_KAH27/06_EAC/06_EAC_cerebrum_coronal_slide_176.png,in/brain_data/20190824_KAH27/06_EAC/06_EAC_cerebrum_coronal_slide_177.png,in/brain_data/20190824_KAH27/06_EAC/06_EAC_cerebrum_coronal_slide_178.png,in/brain_data/20190824_KAH27/06_EAC/06_EAC_cerebrum_coronal_slide_179.png
Please focus on inner (with WM) on outer GM boundaries,in/brain_data/20190824_KAH27/06_EAC/06_EAC_anat_coronal_slide_175.png,in/brain_data/20190824_KAH27/06_EAC/06_EAC_anat_coronal_slide_176.png,in/brain_data/20190824_KAH27/06_EAC/06_EAC_anat_coronal_slide_177.png,in/brain_data/20190824_KAH27/06_EAC/06_EAC_anat_coronal_slide_178.png,in/brain_data/20190824_KAH27/06_EAC/06_EAC_anat_coronal_slide_179.png,in/brain_data/20190824_KAH27/06_EAC/06_EAC_manual_coronal_slide_175.png,in/brain_data/20190824_KAH27/06_EAC/06_EAC_manual_coronal_slide_176.png,in/brain_data/20190824_KAH27/06_EAC/06_EAC_manual_coronal_slide_177.png,in/brain_data/20190824_KAH27/06_EAC/06_EAC_manual_coronal_slide_178.png,in/brain_data/20190824_KAH27/06_EAC/06_EAC_manual_coronal_slide_179.png,in/brain_data/20190824_KAH27/06_EAC/06_EAC_GT_coronal_slide_175.png,in/brain_data/20190824_KAH27/06_EAC/06_EAC_GT_coronal_slide_176.png,in/brain_data/20190824_KAH27/06_EAC/06_EAC_GT_coronal_slide_177.png,in/brain_data/20190824_KAH27/06_EAC/06_EAC_GT_coronal_slide_178.png,in/brain_data/20190824_KAH27/06_EAC/06_EAC_GT_coronal_slide_179.png
Please focus on brainstem and ventricles,in/brain_data/20190824_KAH27/07_BST/07_BST_anat_sagittal_slide_124.png,in/brain_data/20190824_KAH27/07_BST/07_BST_anat_sagittal_slide_125.png,in/brain_data/20190824_KAH27/07_BST/07_BST_anat_sagittal_slide_126.png,in/brain_data/20190824_KAH27/07_BST/07_BST_anat_sagittal_slide_127.png,in/brain_data/20190824_KAH27/07_BST/07_BST_anat_sagittal_slide_128.png,in/brain_data/20190824_KAH27/07_BST/07_BST_GT_sagittal_slide_124.png,in/brain_data/20190824_KAH27/07_BST/07_BST_GT_sagittal_slide_125.png,in/brain_data/20190824_KAH27/07_BST/07_BST_GT_sagittal_slide_126.png,in/brain_data/20190824_KAH27/07_BST/07_BST_GT_sagittal_slide_127.png,in/brain_data/20190824_KAH27/07_BST/07_BST_GT_sagittal_slide_128.png,in/brain_data/20190824_KAH27/07_BST/07_BST_cerebrum_sagittal_slide_124.png,in/brain_data/20190824_KAH27/07_BST/07_BST_cerebrum_sagittal_slide_125.png,in/brain_data/20190824_KAH27/07_BST/07_BST_cerebrum_sagittal_slide_126.png,in/brain_data/20190824_KAH27/07_BST/07_BST_cerebrum_sagittal_slide_127.png,in/brain_data/20190824_KAH27/07_BST/07_BST_cerebrum_sagittal_slide_128.png
Please focus on brainstem and ventricles,in/brain_data/20190824_KAH27/07_BST/07_BST_anat_sagittal_slide_124.png,in/brain_data/20190824_KAH27/07_BST/07_BST_anat_sagittal_slide_125.png,in/brain_data/20190824_KAH27/07_BST/07_BST_anat_sagittal_slide_126.png,in/brain_data/20190824_KAH27/07_BST/07_BST_anat_sagittal_slide_127.png,in/brain_data/20190824_KAH27/07_BST/07_BST_anat_sagittal_slide_128.png,in/brain_data/20190824_KAH27/07_BST/07_BST_cerebrum_sagittal_slide_124.png,in/brain_data/20190824_KAH27/07_BST/07_BST_cerebrum_sagittal_slide_125.png,in/brain_data/20190824_KAH27/07_BST/07_BST_cerebrum_sagittal_slide_126.png,in/brain_data/20190824_KAH27/07_BST/07_BST_cerebrum_sagittal_slide_127.png,in/brain_data/20190824_KAH27/07_BST/07_BST_cerebrum_sagittal_slide_128.png,in/brain_data/20190824_KAH27/07_BST/07_BST_manual_sagittal_slide_124.png,in/brain_data/20190824_KAH27/07_BST/07_BST_manual_sagittal_slide_125.png,in/brain_data/20190824_KAH27/07_BST/07_BST_manual_sagittal_slide_126.png,in/brain_data/20190824_KAH27/07_BST/07_BST_manual_sagittal_slide_127.png,in/brain_data/20190824_KAH27/07_BST/07_BST_manual_sagittal_slide_128.png
Please focus on brainstem and ventricles,in/brain_data/20190824_KAH27/07_BST/07_BST_anat_sagittal_slide_124.png,in/brain_data/20190824_KAH27/07_BST/07_BST_anat_sagittal_slide_125.png,in/brain_data/20190824_KAH27/07_BST/07_BST_anat_sagittal_slide_126.png,in/brain_data/20190824_KAH27/07_BST/07_BST_anat_sagittal_slide_127.png,in/brain_data/20190824_KAH27/07_BST/07_BST_anat_sagittal_slide_128.png,in/brain_data/20190824_KAH27/07_BST/07_BST_GT_sagittal_slide_124.png,in/brain_data/20190824_KAH27/07_BST/07_BST_GT_sagittal_slide_125.png,in/brain_data/20190824_KAH27/07_BST/07_BST_GT_sagittal_slide_126.png,in/brain_data/20190824_KAH27/07_BST/07_BST_GT_sagittal_slide_127.png,in/brain_data/20190824_KAH27/07_BST/07_BST_GT_sagittal_slide_128.png,in/brain_data/20190824_KAH27/07_BST/07_BST_manual_sagittal_slide_124.png,in/brain_data/20190824_KAH27/07_BST/07_BST_manual_sagittal_slide_125.png,in/brain_data/20190824_KAH27/07_BST/07_BST_manual_sagittal_slide_126.png,in/brain_data/20190824_KAH27/07_BST/07_BST_manual_sagittal_slide_127.png,in/brain_data/20190824_KAH27/07_BST/07_BST_manual_sagittal_slide_128.png
Please focus on basal ganglia and WM and ventricles,in/brain_data/20190824_KAH27/08_BGA/08_BGA_anat_axial_slide_91.png,in/brain_data/20190824_KAH27/08_BGA/08_BGA_anat_axial_slide_92.png,in/brain_data/20190824_KAH27/08_BGA/08_BGA_anat_axial_slide_93.png,in/brain_data/20190824_KAH27/08_BGA/08_BGA_anat_axial_slide_94.png,in/brain_data/20190824_KAH27/08_BGA/08_BGA_anat_axial_slide_95.png,in/brain_data/20190824_KAH27/08_BGA/08_BGA_GT_axial_slide_91.png,in/brain_data/20190824_KAH27/08_BGA/08_BGA_GT_axial_slide_92.png,in/brain_data/20190824_KAH27/08_BGA/08_BGA_GT_axial_slide_93.png,in/brain_data/20190824_KAH27/08_BGA/08_BGA_GT_axial_slide_94.png,in/brain_data/20190824_KAH27/08_BGA/08_BGA_GT_axial_slide_95.png,in/brain_data/20190824_KAH27/08_BGA/08_BGA_cerebrum_axial_slide_91.png,in/brain_data/20190824_KAH27/08_BGA/08_BGA_cerebrum_axial_slide_92.png,in/brain_data/20190824_KAH27/08_BGA/08_BGA_cerebrum_axial_slide_93.png,in/brain_data/20190824_KAH27/08_BGA/08_BGA_cerebrum_axial_slide_94.png,in/brain_data/20190824_KAH27/08_BGA/08_BGA_cerebrum_axial_slide_95.png
Please focus on basal ganglia and WM and ventricles,in/brain_data/20190824_KAH27/08_BGA/08_BGA_anat_axial_slide_91.png,in/brain_data/20190824_KAH27/08_BGA/08_BGA_anat_axial_slide_92.png,in/brain_data/20190824_KAH27/08_BGA/08_BGA_anat_axial_slide_93.png,in/brain_data/20190824_KAH27/08_BGA/08_BGA_anat_axial_slide_94.png,in/brain_data/20190824_KAH27/08_BGA/08_BGA_anat_axial_slide_95.png,in/brain_data/20190824_KAH27/08_BGA/08_BGA_cerebrum_axial_slide_91.png,in/brain_data/20190824_KAH27/08_BGA/08_BGA_cerebrum_axial_slide_92.png,in/brain_data/20190824_KAH27/08_BGA/08_BGA_cerebrum_axial_slide_93.png,in/brain_data/20190824_KAH27/08_BGA/08_BGA_cerebrum_axial_slide_94.png,in/brain_data/20190824_KAH27/08_BGA/08_BGA_cerebrum_axial_slide_95.png,in/brain_data/20190824_KAH27/08_BGA/08_BGA_manual_axial_slide_91.png,in/brain_data/20190824_KAH27/08_BGA/08_BGA_manual_axial_slide_92.png,in/brain_data/20190824_KAH27/08_BGA/08_BGA_manual_axial_slide_93.png,in/brain_data/20190824_KAH27/08_BGA/08_BGA_manual_axial_slide_94.png,in/brain_data/20190824_KAH27/08_BGA/08_BGA_manual_axial_slide_95.png
Please focus on basal ganglia and WM and ventricles,in/brain_data/20190824_KAH27/08_BGA/08_BGA_anat_axial_slide_91.png,in/brain_data/20190824_KAH27/08_BGA/08_BGA_anat_axial_slide_92.png,in/brain_data/20190824_KAH27/08_BGA/08_BGA_anat_axial_slide_93.png,in/brain_data/20190824_KAH27/08_BGA/08_BGA_anat_axial_slide_94.png,in/brain_data/20190824_KAH27/08_BGA/08_BGA_anat_axial_slide_95.png,in/brain_data/20190824_KAH27/08_BGA/08_BGA_GT_axial_slide_91.png,in/brain_data/20190824_KAH27/08_BGA/08_BGA_GT_axial_slide_92.png,in/brain_data/20190824_KAH27/08_BGA/08_BGA_GT_axial_slide_93.png,in/brain_data/20190824_KAH27/08_BGA/08_BGA_GT_axial_slide_94.png,in/brain_data/20190824_KAH27/08_BGA/08_BGA_GT_axial_slide_95.png,in/brain_data/20190824_KAH27/08_BGA/08_BGA_manual_axial_slide_91.png,in/brain_data/20190824_KAH27/08_BGA/08_BGA_manual_axial_slide_92.png,in/brain_data/20190824_KAH27/08_BGA/08_BGA_manual_axial_slide_93.png,in/brain_data/20190824_KAH27/08_BGA/08_BGA_manual_axial_slide_94.png,in/brain_data/20190824_KAH27/08_BGA/08_BGA_manual_axial_slide_95.png
